LayerId , meanDifference, maxDifference, meanOrigFloat, meanRelDifference, orgmax, quantizedMax,orgAtmaxDiff, quantizedAtMaxDiff,maxRelDifference, Scale , , , , Hist 
14,0.000346,0.000669,0.067569,0.876210,0.171282,0.171282,-0.006121,-0.006691,9.312604,747.306458, , , ,0,0,1,3,0,1,1,0,0,0,0,0,0,0,0,0,1,0,0,0,0,0,1,0,1,0,0,0,0,0,1,0,0,0,0,1,0,0,0,1,0,0,0,0,0,0,1,0,0,0,2,0,0,1,0,1,0,0,0,2,0,0,1,1,0,1,0,0,1,0,0,0,1,0,2,1,0,0,1,0,1,1,0,0,0,0,0,2,1,0,0,0,0,0,0,0,1,0,0,0,0,0,0,2,0,0,0,0,1,0,0,0,0,0,0,0,1,1,0,0,0,0,0,0,0,1,0,1,0,0,0,0,0,2,0,1,1,0,0,0,1,1,0,0,0,0,0,0,0,0,0,0,0,0,1,0,0,0,0,0,0,0,0,0,1,0,0,0,0,1,2,0,0,0,0,0,0,0,1,1,0,1,0,0,0,1,1,1,0,2,0,0,0,0,1,0,1,0,0,2,0,0,1,0,0,0,0,1,0,2,0,1,1,0,0,0,0,0,0,0,0,0,0,0,0,0,0,1,3,1,0,0,0,1,0,0,1,0,0,1,0,0,1,0,0,0,0,0,0,0,0,0,0,0,0,0,1,0,0,0,0,0,2,4,0,0,0,0,0,3,2,0,0,0,0,0,1,0,0,0,0,0,0,0,0,1,0,1,0,0,0,0,0,0,0,1,0,0,0,0,0,0,0,0,0,0,1,0,1,0,2,0,0,0,0,1,0,2,0,0,0,1,1,0,1,1,1,1,0,0,1,1,1,1,1,0,0,0,0,0,0,0,0,0,0,0,0,0,0,0,0,0,0,1,1,1,1,0,0,0,0,0,2,0,0,0,2,1,0,0,0,1,1,0,1,3,0,0,0,1,1,0,1,0,1,0,1,1,0,0,0,0,1,0,0,1,0,1,0,2,1,1,1,2,0,1,1,0,0,0,0,1,0,0,0,0,1,0,0,2,0,0,1,0,0,0,0,0,0,0,0,0,0,0,0,0,0,1,0,0,1,1,0,2,0,0,0,1,0,0,1,0,0,1,0,1,0,0,0,0,0,0,0,0,1,0,0,1,0,1,0,0,1,0,1,1,0,0,1,0,0,0,0,0,0,0,1,0,0,0,0,2,0,0,1,1,0,0,0,0,0,0,0,0,0,0,0,0,0,0,0,0,0,1,0,0,1,0,1,1,0,0,0,1,0,0,0,1,1,1,0,1,1,1,2,0,0,0,0,0,0,1,1,0,0,0,0,2,0,0,0,0,1,0,1,0,0,1,0,0,0,2,0,0,0,1,0,1,0,0,1,0,0,0,0,0,1,0,0,0,0,0,0,0,0,1,0,0,1,0,0,0,0,0,1,0,1,1,0,0,0,1,1,0,1,0,0,0,0,0,0,0,0,0,0,0,0,0,0,0,1,0,1,0,0,0,0,0,1,0,0,0,0,2,0,0,0,0,1,0,0,0,1,0,1,0,0,0,0,0,0,0,0,0,0,0,0,0,0,1,0,0,1,1,1,0,0,0,0,0,0,1,0,1,1,2,0,0,0,0,0,0,0,1,0,0,0,0,0,0,0,1,0,0,0,0,0,1,0,0,0,0,0,0,0,0,2,0,0,1,0,0,1,0,0,0,0,1,0,0,1,0,0,1,0,0,0,0,0,0,0,0,0,0,0,0,0,0,0,0,0,0,1,0,0,1,0,0,0,0,0,0,0,0,0,0,0,0,1,0,0,0,0,0,0,0,0,0,0,0,0,0,0,0,1,0,0,0,1,0,0,1,0,0,0,0,0,0,0,0,0,1,0,0,0,0,1,1,0,0,0,0,0,0,0,0,0,0,0,0,0,0,0,0,0,0,0,0,0,0,0,0,1,0,1,0,0,0,0,0,0,0,0,0,0,0,1,0,0,0,0,0,0,0,0,0,0,0,0,0,0,0,0,0,0,1,0,1,0,0,0,0,0,0,0,0,0,0,1,0,0,0,0,0,0,0,1,0,0,0,0,0,0,0,0,0,0,0,0,0,0,0,0,0,0,0,0,0,0,0,0,0,0,0,0,0,0,0,1,0,0,1,0,0,0,0,0,0,0,0,0,0,0,0,0,0,0,0,0,0,0,2,0,0,0,0,0,0,0,0,0,0,1,0,0,0,0,0,0,0,0,0,1,0,0,0,0,0,0,0,0,0,0,0,0,0,0,0,0,0,0,0,0,0,0,0,0,0,0,0,0,0,0,0,0,0,0,0,0,0,0,0,0,0,0,0,0,0,0,1,
14,0.000407,0.001630,0.038380,1.828128,0.208673,0.207043,-0.004076,-0.004891,19.990414,613.399841, , , ,249,254,214,262,227,217,235,241,230,218,237,232,214,202,263,230,224,204,219,229,242,207,244,213,224,243,241,233,225,225,225,227,208,209,218,187,221,205,234,233,220,191,208,234,216,210,211,221,199,198,196,236,232,211,191,236,226,194,219,225,241,206,199,236,188,209,249,221,223,216,223,234,229,241,212,224,189,216,220,191,189,222,197,217,224,231,199,218,213,208,205,190,191,210,244,200,212,192,191,200,201,214,187,223,201,199,202,192,221,183,188,208,221,203,197,207,213,198,214,211,197,205,176,160,198,198,173,209,180,189,188,214,193,189,182,175,186,205,201,204,175,195,172,207,187,165,189,195,203,196,188,169,167,176,194,168,204,166,180,191,179,177,195,188,167,186,188,167,178,181,190,169,167,180,161,156,177,182,170,165,154,169,175,171,186,159,158,167,157,150,149,159,153,176,150,185,152,162,139,160,168,117,167,133,152,139,143,176,160,165,131,125,160,136,127,146,130,156,141,131,149,146,140,157,114,158,155,143,124,148,144,142,135,146,146,138,147,145,140,155,141,130,134,137,143,120,149,135,120,118,116,126,134,108,126,140,131,118,122,140,117,119,110,98,140,108,112,112,112,109,120,122,133,112,119,97,125,127,113,117,103,97,115,102,118,96,124,110,100,118,98,99,96,100,104,99,104,94,104,103,108,122,89,99,81,87,108,80,102,83,95,91,88,103,87,81,103,82,108,82,95,65,102,83,81,93,84,86,84,84,69,71,87,86,74,96,68,62,88,78,69,87,75,64,89,89,71,62,53,58,71,68,75,69,54,72,71,68,76,84,75,74,74,53,55,58,74,48,55,52,71,56,60,52,70,50,56,71,67,61,53,51,56,66,63,70,64,52,64,63,49,38,49,52,56,52,30,51,47,53,58,43,44,69,55,65,42,59,44,28,53,50,40,45,42,41,43,41,44,40,49,41,36,41,40,38,35,40,41,34,30,53,33,40,43,36,40,30,40,33,38,34,44,29,41,45,40,41,36,38,21,28,27,30,28,34,26,42,27,22,33,43,33,28,31,19,29,25,28,20,23,24,38,33,32,32,28,29,18,22,25,19,23,27,26,23,27,27,22,25,20,22,25,20,28,19,18,12,17,23,22,18,20,16,27,17,17,19,19,25,24,13,20,23,19,17,22,23,11,21,12,19,17,20,24,18,15,16,23,14,22,14,15,21,13,14,20,20,16,20,14,15,13,10,13,9,15,12,15,11,15,15,16,11,16,13,13,13,6,7,6,7,11,12,6,13,11,8,10,16,9,9,8,6,9,6,8,4,1,8,7,7,9,6,7,6,6,10,8,7,6,7,4,9,11,14,4,4,9,12,5,15,5,9,3,7,4,3,7,11,6,5,7,8,6,9,8,7,3,7,4,7,6,6,3,5,6,2,4,3,9,8,2,4,3,5,3,2,4,4,6,3,4,5,3,4,2,3,3,5,6,7,4,7,6,4,3,5,4,5,4,3,2,3,5,2,3,2,3,4,2,3,4,5,2,2,4,0,2,2,3,2,4,3,1,2,2,4,3,3,2,1,3,2,3,0,3,2,2,0,1,3,3,1,1,1,1,3,3,1,3,0,2,0,3,2,2,0,3,2,1,2,2,3,3,2,1,3,3,1,3,1,3,1,2,3,5,0,3,2,0,2,0,0,1,0,1,2,0,0,1,3,1,1,3,1,0,1,0,0,2,1,2,1,0,2,2,2,0,1,0,2,1,0,0,0,1,0,1,1,1,1,1,2,1,0,0,0,1,0,1,0,0,0,0,0,2,1,1,1,0,0,0,0,0,0,1,0,1,0,0,2,2,1,1,1,0,1,0,1,1,0,3,0,1,0,2,0,1,0,0,1,0,0,0,1,0,0,0,0,1,1,1,1,1,0,1,0,0,0,0,0,1,0,0,0,1,0,0,0,1,0,0,0,0,0,0,0,0,0,0,0,0,0,0,0,0,0,2,0,0,0,0,0,0,0,0,0,1,0,0,0,0,0,0,0,0,0,0,0,1,0,0,1,0,0,0,0,0,0,1,0,0,0,0,0,0,0,0,0,0,0,0,0,0,0,0,0,1,0,0,0,0,0,0,3,0,0,0,0,0,0,0,0,0,0,0,0,0,0,0,0,0,0,0,0,0,0,1,0,0,0,0,0,0,0,0,0,0,0,0,0,0,0,0,0,0,0,0,0,0,0,0,0,0,0,0,0,0,0,0,0,0,0,0,0,0,0,0,1,
15,0.002166,0.004359,0.281550,1.527189,1.124277,1.124277,-0.022565,-0.026350,16.775379,113.850983, , , ,2,1,1,1,1,0,1,3,0,1,1,1,0,0,1,1,2,1,2,0,1,0,1,2,0,2,0,1,0,1,2,0,0,3,0,1,0,0,1,0,2,0,0,0,2,1,1,0,1,1,2,1,0,1,2,0,1,2,1,1,0,0,2,0,1,0,2,1,0,3,1,1,0,2,0,0,0,2,1,3,0,0,1,1,1,0,1,0,0,1,1,1,2,0,2,0,0,0,0,0,2,0,1,0,0,1,0,2,0,0,1,1,1,1,1,0,0,1,0,0,0,0,0,2,0,1,0,0,0,0,1,0,1,1,2,2,0,1,0,0,0,2,0,0,2,0,0,0,0,0,0,0,0,0,0,1,0,1,1,1,1,0,0,1,0,0,1,0,0,1,0,0,0,0,0,1,0,1,0,0,0,0,0,0,0,1,0,0,0,0,1,0,0,0,1,0,1,0,0,0,0,1,0,0,0,0,1,1,0,0,0,0,0,0,0,0,0,0,0,0,1,0,0,0,0,1,0,1,0,0,0,1,0,0,0,0,1,1,0,0,0,0,1,0,1,0,0,1,0,0,0,0,0,1,0,0,0,0,2,1,0,0,1,0,0,0,1,0,0,2,0,1,0,0,0,1,0,0,0,0,0,2,0,1,1,0,1,0,0,1,1,0,0,0,0,0,0,0,0,0,1,0,1,1,3,1,0,0,0,0,0,0,0,0,0,0,0,0,0,0,0,1,0,0,0,1,0,0,0,0,1,2,0,0,0,0,0,0,0,0,1,0,0,0,0,0,0,3,2,0,1,0,0,1,1,2,1,1,0,0,1,1,0,0,0,0,0,0,0,1,0,0,0,0,0,0,0,0,0,0,0,0,0,0,1,1,0,2,0,0,0,0,1,0,0,0,1,1,1,1,0,0,1,0,1,3,1,0,1,0,1,0,1,1,0,0,0,0,1,0,0,0,0,0,0,1,0,1,0,0,1,2,0,0,1,0,0,0,0,0,2,0,0,1,0,0,1,0,1,0,0,1,0,0,1,0,0,0,0,0,0,0,0,0,1,0,0,0,0,0,0,0,0,0,2,2,0,0,0,0,1,0,0,0,0,1,0,0,1,0,0,0,2,0,0,0,0,0,0,0,1,1,0,0,0,1,0,0,0,0,0,0,0,0,1,0,0,0,0,1,0,0,0,0,0,0,1,0,1,2,0,0,1,0,0,1,0,0,0,0,0,0,0,0,0,0,0,0,0,0,0,0,0,0,0,0,0,0,1,0,1,1,0,0,0,0,0,0,1,0,0,0,0,0,0,0,1,0,0,0,0,0,0,0,0,0,0,0,0,0,0,0,0,0,0,1,0,0,0,0,0,0,0,1,0,0,0,0,0,0,1,1,0,1,0,0,0,1,0,0,0,0,0,0,0,0,0,0,0,0,0,0,0,0,0,0,0,0,0,0,0,0,0,0,1,0,0,0,0,0,0,0,0,0,0,0,0,0,0,0,0,0,1,0,0,0,0,0,0,0,0,0,0,0,0,0,0,0,0,0,0,0,0,0,0,0,0,0,1,0,0,0,0,0,0,0,0,0,0,0,0,0,0,1,0,0,0,0,0,0,0,0,0,0,0,1,0,0,0,0,0,0,0,0,0,0,0,0,0,0,0,0,0,0,0,0,0,0,0,0,0,0,0,0,0,0,0,0,0,0,0,0,0,0,0,0,0,0,0,0,0,1,0,0,0,0,0,0,0,0,0,0,0,0,0,0,0,0,0,0,0,0,0,0,0,0,0,0,0,0,0,0,0,0,0,0,0,0,0,0,0,0,0,0,0,0,0,1,0,0,0,0,0,0,0,0,0,0,0,0,0,0,0,0,0,0,0,0,0,0,0,0,0,0,0,0,0,0,0,0,0,0,0,0,0,0,0,0,0,0,0,0,0,0,0,0,0,0,0,0,0,0,1,0,0,0,0,0,0,0,0,0,0,0,0,0,0,0,0,0,0,0,0,0,0,0,0,0,0,0,0,0,0,0,0,0,0,0,0,0,0,0,0,0,0,0,0,0,0,0,0,0,0,0,0,0,0,0,0,0,0,0,0,0,0,0,0,0,0,0,0,0,0,0,0,0,0,0,0,0,0,0,0,0,0,0,0,0,0,0,0,0,0,0,0,0,0,0,0,0,0,0,0,0,0,0,0,0,0,0,0,0,0,0,0,0,0,0,0,0,0,0,0,0,0,0,0,0,0,0,0,0,0,0,0,0,0,0,0,1,
15,0.000060,0.000121,0.002704,3.001167,0.030933,0.030933,-0.000604,-0.000725,19.999718,4138.001465, , , ,4444,4546,4363,4586,4475,4413,4469,4427,4482,4395,4466,4363,4387,4446,4415,4324,4325,4300,4463,4396,4320,4290,4303,4215,4182,4229,4246,4203,4241,4259,4289,4146,4196,4205,4227,4210,4286,4096,4089,4038,3998,4117,4081,4038,4120,3927,4026,4022,3944,3917,3953,3972,3882,3801,3963,3905,3776,3887,3782,3702,3819,3720,3601,3693,3661,3578,3563,3481,3688,3513,3483,3447,3495,3453,3391,3287,3485,3390,3326,3302,3402,3208,3253,3170,3093,3162,3105,3089,2986,3063,2955,2997,2930,2945,2792,2819,2896,2816,2738,2764,2753,2881,2689,2753,2618,2653,2582,2590,2575,2441,2447,2443,2427,2405,2397,2326,2361,2308,2281,2255,2293,2304,2197,2187,2214,2312,2088,2067,2023,2072,2035,2035,1956,1951,1949,1879,1904,1839,1845,1847,1783,1810,1730,1691,1735,1797,1579,1681,1636,1637,1570,1579,1590,1530,1477,1481,1418,1450,1481,1403,1331,1292,1373,1317,1266,1291,1303,1270,1300,1158,1234,1194,1133,1132,1185,1075,1099,1079,1061,1036,1024,999,999,956,1002,944,945,979,932,915,896,846,806,820,795,813,829,790,801,762,825,746,765,718,767,683,672,673,693,632,619,594,594,611,582,584,587,580,576,554,575,531,473,559,509,507,489,485,477,477,493,435,462,472,418,400,368,384,398,406,403,359,375,390,308,356,333,326,333,304,308,345,293,284,265,286,265,284,262,268,286,266,254,261,258,257,236,211,232,226,227,208,197,225,205,193,181,178,166,183,187,187,165,174,161,171,166,152,148,139,154,143,130,126,124,135,143,132,120,113,99,126,115,110,134,117,96,90,98,113,105,93,81,92,96,95,89,86,80,81,72,76,86,66,69,88,82,78,81,64,68,71,58,56,64,50,51,50,59,61,40,55,55,46,62,53,45,47,52,39,47,37,45,32,39,31,33,34,27,33,30,32,33,25,32,38,39,32,34,25,31,31,24,26,38,27,24,31,26,27,14,12,33,29,19,26,23,22,28,20,18,22,22,19,22,22,18,17,16,9,20,19,22,27,21,23,10,13,19,8,11,13,14,10,10,10,13,13,18,14,14,7,16,11,7,7,11,9,9,10,8,14,12,7,9,7,13,13,6,14,8,11,8,8,12,6,9,9,8,10,3,3,5,9,6,8,8,8,5,6,3,5,3,4,5,3,7,6,9,4,4,4,3,11,5,1,7,6,5,2,4,4,6,5,7,1,2,5,4,5,3,3,3,4,2,7,3,5,5,6,0,5,5,2,5,3,2,5,4,2,1,4,2,3,1,4,4,5,3,4,1,1,1,2,3,2,2,2,3,3,1,0,2,3,4,2,2,1,2,2,1,2,2,1,5,1,3,2,3,4,0,4,2,0,1,3,1,1,3,3,1,0,0,1,2,1,3,0,3,4,1,0,1,1,0,1,1,1,1,2,1,1,3,1,0,1,2,1,1,1,1,2,0,0,0,2,2,0,1,1,0,1,1,0,1,1,1,0,3,1,1,1,0,1,2,1,1,1,0,1,1,0,1,2,2,2,0,1,0,0,0,0,0,0,1,0,2,3,0,0,0,3,1,0,0,0,0,0,1,0,1,0,0,1,0,1,0,1,0,0,0,0,0,0,1,0,0,1,0,0,0,2,1,1,0,1,0,0,3,0,0,0,0,0,0,1,0,0,0,0,0,0,0,0,0,0,1,0,0,0,0,0,1,1,1,1,1,0,0,1,0,1,1,0,0,0,0,0,0,0,0,0,0,0,0,0,1,0,0,0,0,1,0,0,0,0,0,0,0,0,0,0,2,0,0,0,0,0,1,0,0,0,0,1,2,1,0,0,1,1,0,0,0,1,0,0,0,1,0,0,0,0,0,0,1,0,0,0,0,0,0,0,0,0,0,0,0,1,0,0,0,0,0,0,0,0,0,0,0,0,0,1,0,0,0,0,0,0,0,0,0,0,0,1,0,0,1,0,0,0,0,0,0,0,0,0,0,0,1,0,0,0,0,0,0,0,0,0,0,0,0,0,0,0,0,0,0,0,0,0,0,0,0,0,0,0,0,0,0,0,0,0,0,0,0,0,0,0,0,0,0,0,0,0,0,0,0,0,0,0,1,0,0,0,0,1,0,0,0,0,0,0,0,0,0,0,0,0,0,0,0,0,0,1,0,0,0,0,0,0,0,0,0,0,0,0,0,0,0,0,0,0,0,0,0,0,0,0,0,0,0,0,0,0,1,0,0,0,0,0,0,0,0,0,0,0,0,0,0,0,0,0,1,0,0,0,0,0,0,0,0,0,0,0,0,0,0,0,0,0,0,0,0,0,0,0,0,0,0,0,0,0,0,0,1,0,0,0,0,0,0,0,0,0,0,0,0,0,0,1,
16,0.004447,0.017822,0.764108,0.874103,2.281220,2.263398,-0.096988,-0.089110,8.122158,56.110317, , , ,1,0,0,0,1,1,1,0,0,0,0,0,1,2,0,1,0,1,0,0,0,0,0,0,0,1,0,0,0,0,0,2,0,0,0,0,0,0,0,1,0,0,1,0,1,0,0,0,0,0,0,0,1,0,0,1,0,0,2,0,0,0,0,0,0,1,0,0,0,1,2,0,0,0,0,1,0,1,1,0,0,0,0,0,0,1,1,1,0,0,0,0,0,0,1,3,1,0,0,0,0,1,0,0,1,1,0,0,0,0,1,2,1,0,0,0,0,0,0,1,1,0,0,0,0,0,0,1,0,0,0,0,0,0,0,1,0,0,0,0,0,3,0,0,0,1,0,0,0,1,0,2,0,0,1,2,0,0,0,0,0,0,2,1,0,0,0,0,0,0,0,0,0,1,0,0,2,0,0,0,1,1,1,0,0,0,2,0,0,0,0,1,0,0,1,0,1,0,1,2,0,0,1,1,1,1,0,0,0,0,0,0,0,1,0,1,1,0,0,1,1,0,1,0,1,0,0,1,0,3,0,0,0,0,1,0,0,1,0,0,2,0,1,1,0,1,2,0,1,0,0,0,0,1,1,0,1,0,1,0,0,0,0,0,0,2,0,0,1,0,0,0,0,1,1,0,0,0,0,1,0,2,1,0,0,0,0,0,0,0,0,0,1,0,2,0,0,0,1,1,1,0,0,1,0,0,0,1,0,1,0,1,0,0,0,2,0,1,0,0,2,0,0,0,0,0,2,1,1,0,0,0,1,0,0,0,0,1,2,1,0,0,1,0,0,0,0,0,0,0,1,0,0,0,1,1,0,1,0,1,0,1,1,0,0,0,1,1,2,0,0,0,0,0,0,0,1,0,1,1,0,0,1,0,1,0,0,1,1,1,1,0,0,1,0,0,0,0,1,0,0,1,0,0,0,0,0,0,0,0,0,0,2,0,0,2,2,0,2,0,0,0,0,0,2,0,2,1,0,1,0,1,3,1,0,0,0,1,1,2,0,1,0,1,0,0,1,0,1,0,0,0,1,0,0,0,0,0,0,0,2,1,1,0,0,0,0,0,0,0,0,0,0,1,1,2,1,0,0,0,0,0,0,1,1,1,0,1,2,0,0,1,1,0,0,1,0,1,0,0,0,0,0,0,1,0,1,0,0,0,1,0,0,1,0,0,1,0,0,0,0,1,0,0,0,0,0,0,0,0,0,0,0,0,1,1,1,0,1,1,2,0,1,0,0,0,0,1,0,0,0,0,0,0,0,0,0,1,0,2,0,0,1,0,0,1,0,0,0,0,0,0,0,0,0,2,0,1,0,0,0,0,1,2,0,0,0,1,0,0,0,0,1,1,0,0,0,0,1,0,0,0,0,0,0,1,0,0,0,1,0,0,0,0,1,0,0,0,0,1,0,0,0,0,0,0,0,0,0,0,0,0,0,0,0,0,0,1,0,1,0,1,0,0,0,0,0,0,0,0,0,0,1,0,0,0,0,0,0,0,1,0,0,0,0,0,1,0,0,0,0,1,0,0,0,0,0,0,0,0,0,0,0,0,0,0,0,0,0,0,0,0,0,0,0,0,1,0,0,0,1,0,1,0,1,0,0,0,0,0,0,1,0,0,0,0,0,0,0,0,1,0,0,0,0,0,0,0,0,0,0,0,0,0,0,0,0,0,0,1,0,0,0,0,0,0,0,0,0,0,0,0,0,0,0,0,0,0,1,0,0,0,0,0,0,0,0,0,0,0,0,0,0,0,0,0,0,0,0,0,0,0,0,0,0,0,0,0,0,0,0,0,0,0,0,0,1,0,0,0,0,0,0,0,0,0,0,0,0,0,0,0,0,0,0,0,0,0,0,0,0,0,0,0,0,0,0,0,0,0,0,0,0,0,0,0,0,0,0,0,0,0,0,0,0,0,0,0,0,0,0,0,0,0,0,0,0,0,0,0,0,0,0,0,0,0,0,0,0,0,0,0,0,0,0,0,0,0,0,0,0,0,0,0,0,0,0,0,0,0,0,0,0,0,0,0,0,0,0,0,0,0,0,0,0,0,0,0,0,0,0,0,0,0,0,0,0,0,0,0,0,0,0,0,0,0,0,0,0,0,0,0,0,0,0,0,0,0,0,0,0,0,0,0,0,0,0,0,0,0,0,0,0,0,0,0,0,0,0,0,0,0,0,0,0,0,0,0,0,0,0,0,0,0,0,0,0,0,0,0,0,0,0,0,0,0,0,0,0,0,0,0,0,0,0,0,0,0,0,1,
16,0.000344,0.000689,0.017161,2.828027,0.176264,0.176264,0.003443,0.004131,19.999760,726.182373, , , ,4262,4047,4004,4124,4149,4039,4074,4037,3923,4101,4105,4012,3996,3968,4017,4002,3991,4015,4035,3884,3950,3931,4040,3864,4024,3955,3878,3904,3899,3952,3834,3832,4024,3958,3766,3930,3780,3796,3752,3741,3708,3779,3841,3651,3672,3678,3674,3751,3681,3698,3586,3677,3593,3579,3612,3481,3578,3470,3550,3606,3381,3438,3503,3504,3285,3379,3302,3374,3348,3361,3282,3328,3255,3287,3186,3215,3145,3123,3278,3141,3098,3002,3166,3033,3088,2979,2948,3007,2910,2897,3016,2799,2768,2834,2730,2778,2707,2724,2733,2656,2746,2702,2695,2543,2648,2620,2584,2538,2543,2434,2508,2444,2422,2461,2400,2381,2323,2372,2297,2259,2252,2247,2219,2142,2223,2146,2097,2060,2025,2034,2005,1998,1970,1940,1998,1913,2011,1882,1830,1836,1830,1865,1784,1854,1768,1784,1734,1711,1653,1622,1575,1712,1653,1608,1553,1593,1625,1586,1546,1515,1500,1539,1444,1450,1491,1351,1405,1411,1348,1358,1345,1347,1309,1327,1280,1245,1170,1227,1186,1190,1167,1164,1112,1121,1118,1077,1102,1103,1110,1012,1006,1046,1029,1026,990,970,962,959,907,957,907,871,872,870,896,819,850,839,855,820,751,785,738,751,802,749,711,741,677,724,699,713,692,652,660,659,636,587,618,619,595,621,660,599,542,536,558,559,513,527,529,487,508,545,493,464,484,441,508,462,456,416,466,426,413,429,375,453,397,398,400,333,369,375,389,351,346,357,337,323,316,317,314,363,297,315,301,293,296,297,278,289,268,255,263,258,276,264,267,270,248,253,252,236,243,226,235,208,218,212,221,221,213,195,188,174,160,216,164,177,180,165,194,172,174,139,152,141,148,144,144,145,141,137,149,139,118,144,121,154,122,127,140,122,138,115,115,121,92,118,120,111,96,116,97,110,103,87,108,75,99,102,68,98,96,79,89,93,71,86,66,84,78,81,73,66,77,68,87,68,63,66,68,69,59,54,63,49,65,51,73,57,49,66,61,45,48,62,51,44,45,55,38,48,39,46,40,52,52,47,47,43,46,40,34,35,23,46,40,40,34,32,31,27,22,51,25,47,29,24,36,38,30,24,22,18,19,36,34,34,18,16,25,35,21,25,18,19,25,23,29,21,18,20,15,24,14,15,18,14,17,13,24,17,16,27,10,19,12,17,10,17,14,17,13,14,17,11,13,15,10,17,11,17,9,15,11,12,8,13,11,7,11,6,14,8,16,12,7,11,9,6,6,10,5,9,8,12,9,3,8,8,16,10,8,5,11,3,4,9,7,9,6,5,6,9,3,6,5,3,8,10,5,7,3,4,7,3,5,5,8,3,2,5,4,4,8,5,3,6,7,4,2,8,2,5,3,2,4,7,3,6,3,5,7,4,5,1,6,3,5,2,3,4,0,3,3,4,1,2,4,3,6,3,1,5,3,1,0,2,2,1,2,3,2,4,2,3,2,4,0,5,4,1,1,3,3,2,2,1,3,0,2,1,0,5,2,3,3,5,3,4,1,1,4,4,0,0,2,0,0,0,1,1,0,3,1,1,0,3,1,1,2,2,1,1,0,2,3,1,2,1,0,3,2,0,1,0,1,1,0,1,1,0,1,2,1,0,1,0,1,0,2,0,1,2,2,1,1,0,0,3,1,0,0,2,1,0,1,1,1,0,3,1,1,2,2,1,1,0,0,0,1,1,0,0,2,0,0,0,0,0,0,1,3,1,1,1,1,1,0,0,1,0,2,1,3,1,0,1,0,1,0,1,0,1,1,0,0,0,0,0,0,0,0,2,0,0,0,2,0,1,0,0,2,0,2,0,0,0,0,2,1,1,0,0,0,0,1,1,0,0,0,0,0,1,0,0,0,0,0,0,0,1,0,0,0,0,0,1,0,1,0,0,0,0,1,0,0,0,0,0,1,0,0,0,0,0,0,0,0,0,0,0,0,0,0,1,0,0,0,0,0,1,1,0,2,0,0,0,0,0,0,0,1,0,0,0,0,0,0,0,0,0,1,0,0,0,0,0,0,0,1,0,0,0,0,0,0,0,1,0,0,0,0,0,0,0,0,0,0,0,0,0,1,0,0,0,0,0,0,0,0,0,0,0,0,0,0,0,0,0,0,0,0,0,0,0,0,0,0,0,0,0,0,0,0,0,0,0,0,0,0,0,0,0,0,0,0,0,1,0,0,0,0,0,0,0,0,0,0,0,0,0,0,0,0,0,0,0,0,0,0,0,0,0,0,0,0,0,0,0,0,0,0,0,0,0,0,0,0,0,0,0,0,0,0,0,0,0,0,0,0,0,0,0,0,0,1,0,0,0,0,0,0,0,0,0,0,0,0,0,0,0,0,0,0,0,0,0,0,0,0,1,0,0,0,0,0,1,
18,0.003167,0.011819,0.548372,0.854254,1.512877,1.501058,0.029694,0.035458,19.411377,84.606987, , , ,0,0,1,0,0,0,0,0,0,0,0,1,0,0,0,0,0,0,0,1,0,0,0,1,0,0,0,0,0,0,1,0,0,0,0,0,0,0,0,0,0,0,0,0,0,0,2,1,1,0,0,0,0,0,0,0,0,0,0,0,0,1,0,0,0,0,0,0,0,0,0,0,0,0,0,0,0,0,0,0,0,0,0,0,0,0,1,0,0,1,0,0,0,0,0,0,0,2,1,0,0,0,0,0,0,1,0,0,1,0,0,1,0,0,0,0,0,0,0,1,0,0,0,0,0,0,0,0,0,0,1,0,0,0,0,0,0,1,1,0,0,0,0,1,0,0,0,1,0,1,1,0,1,0,0,1,0,0,0,0,1,0,0,0,0,0,0,0,0,0,0,0,0,0,1,0,0,0,0,0,2,0,0,0,0,0,1,0,0,1,0,0,0,0,0,0,0,1,0,0,0,0,0,0,2,1,1,0,1,0,0,1,0,0,1,0,1,1,0,1,0,0,2,0,1,1,0,0,0,0,1,0,1,0,0,0,1,0,0,1,0,0,1,0,1,0,1,0,0,0,0,0,0,0,2,0,0,0,0,0,1,0,0,1,1,2,0,0,0,1,0,2,0,1,1,0,0,1,0,0,0,0,0,0,1,0,0,0,1,1,0,1,1,1,0,1,0,1,0,2,0,0,1,0,0,0,0,0,0,0,0,0,0,0,0,0,0,0,0,0,0,0,0,0,0,0,1,0,1,1,0,1,1,1,1,1,1,0,0,1,0,1,0,0,1,0,1,0,1,0,0,1,0,0,1,1,0,1,0,1,0,0,1,0,0,1,0,0,1,1,0,0,1,1,0,0,0,2,2,3,0,0,0,0,0,0,0,0,0,0,0,0,0,0,2,0,0,0,1,0,0,2,0,0,0,1,1,0,0,0,1,0,0,0,2,0,1,0,1,0,0,2,0,0,0,0,0,0,0,0,1,0,0,0,0,1,1,0,0,0,0,0,0,0,0,0,1,0,2,0,0,0,0,0,0,1,0,0,1,0,1,0,0,0,1,1,0,0,0,0,0,0,0,0,0,2,0,0,0,0,0,0,0,1,0,2,1,0,1,0,1,1,0,0,0,0,1,1,0,0,0,0,1,0,1,0,0,0,1,0,1,0,0,0,1,0,0,0,0,0,0,0,0,0,0,0,1,0,0,1,0,0,1,0,1,0,0,0,1,0,1,1,2,0,0,0,0,1,0,0,0,0,1,0,1,0,0,0,2,0,0,0,0,0,0,0,0,1,0,0,0,0,0,0,0,0,0,0,1,0,1,0,0,0,0,1,0,0,1,0,1,0,0,1,0,1,0,0,1,0,0,0,0,0,0,0,0,0,0,0,0,0,0,0,0,1,0,0,0,0,0,0,0,0,0,0,0,1,0,0,0,0,0,0,0,0,0,0,0,0,0,0,0,1,0,0,0,0,0,0,0,0,0,0,0,0,0,0,0,0,0,0,0,1,0,0,0,0,0,0,0,1,0,0,0,0,1,0,0,0,0,0,0,0,0,0,0,0,0,0,1,0,0,0,0,0,0,0,0,0,0,0,0,0,0,0,0,0,0,0,0,0,1,0,0,0,1,0,0,0,0,0,0,1,1,0,0,0,1,0,0,0,0,0,0,0,0,0,0,0,0,0,0,0,0,0,0,1,0,0,0,0,0,0,0,0,0,0,0,0,0,0,0,0,0,0,0,0,0,0,0,0,0,0,0,0,0,0,0,0,0,0,1,0,0,0,0,0,0,0,0,0,0,0,0,0,0,1,0,0,0,0,0,0,0,0,0,0,0,0,0,0,0,0,0,0,0,0,0,0,0,0,0,0,0,0,0,0,0,0,0,0,0,0,0,0,0,0,0,0,0,0,0,0,0,0,0,0,0,0,0,0,0,0,0,0,0,0,0,0,0,0,0,0,0,0,0,0,0,0,0,0,0,0,0,0,0,0,0,0,0,0,0,0,0,0,0,0,0,0,0,0,0,0,0,0,0,0,0,0,0,0,0,0,0,0,0,0,0,0,0,0,0,0,0,0,0,0,0,0,0,0,0,0,0,0,0,0,0,0,0,0,0,0,0,0,0,0,0,0,0,0,0,0,0,0,0,0,0,0,0,0,0,0,0,0,0,0,0,0,0,0,0,0,0,0,0,0,0,0,0,0,0,0,0,0,0,0,0,0,0,0,0,0,0,0,0,0,0,0,0,0,0,0,0,0,0,0,0,1,
18,0.000167,0.000668,0.005986,3.464969,0.085451,0.084783,-0.001669,-0.002003,19.995865,1497.938477, , , ,4247,4325,4107,4188,4307,4341,4186,4259,4311,4266,4172,4234,4283,4280,4212,4195,4243,4101,4213,4150,4241,4174,4193,4139,4102,4047,4137,4017,3898,3983,3914,4014,3929,3977,3981,3754,3825,3799,3954,3762,3816,3780,3619,3586,3652,3647,3607,3518,3475,3584,3358,3426,3367,3343,3406,3293,3299,3179,3203,3164,3229,3102,3155,3046,3053,2998,2975,2915,2949,2900,2862,2766,2799,2765,2680,2737,2719,2543,2604,2599,2566,2452,2418,2377,2322,2324,2330,2313,2332,2300,2140,2182,2022,2090,2057,2051,2020,2014,1915,1945,1886,1827,1840,1798,1812,1743,1742,1699,1609,1681,1566,1525,1553,1519,1586,1523,1513,1514,1503,1471,1413,1399,1327,1272,1324,1333,1236,1253,1197,1084,1110,1166,1107,1087,1130,1044,1038,1026,1037,953,978,952,973,905,887,910,985,833,855,812,821,795,794,764,766,737,699,734,730,691,652,656,661,611,618,591,580,609,590,581,566,576,507,527,450,506,491,489,472,474,477,427,446,426,422,446,410,388,366,387,355,368,393,336,366,319,316,319,311,345,297,277,290,274,273,270,231,251,287,240,241,223,236,218,200,229,236,214,224,200,223,203,205,203,174,164,153,164,172,196,189,151,152,156,143,139,133,134,143,122,132,126,123,120,119,130,96,115,105,97,112,109,89,83,101,90,98,95,88,77,93,88,92,88,87,65,78,90,73,74,66,61,78,67,52,56,69,61,66,46,58,47,56,57,52,60,56,48,57,41,70,37,39,41,47,42,47,48,32,55,41,30,40,42,41,43,34,36,26,31,38,30,35,37,30,31,28,19,23,21,27,25,17,25,15,21,19,30,19,19,31,20,15,23,23,18,26,21,17,19,10,20,18,16,18,26,13,24,13,21,20,21,15,11,16,15,12,17,12,16,15,12,9,12,8,11,16,14,18,10,10,17,13,10,7,7,10,5,10,10,7,14,12,11,7,16,8,10,14,7,11,9,9,6,3,7,5,6,5,6,12,7,11,4,8,5,10,3,7,6,5,2,4,7,4,2,6,2,8,1,2,10,6,8,7,7,3,2,4,6,4,4,2,7,1,2,9,2,2,2,3,3,7,3,2,1,2,3,5,4,6,3,2,4,1,6,6,6,3,3,4,2,4,4,8,3,4,5,3,1,1,0,7,3,1,1,4,2,0,1,2,2,2,1,1,2,1,4,1,2,2,1,4,2,2,2,0,1,1,0,1,4,2,2,0,1,0,0,2,0,3,0,1,1,2,0,0,2,1,2,1,0,3,3,1,0,0,0,1,2,1,2,2,1,2,2,0,1,1,2,1,2,2,2,2,0,1,1,1,2,0,1,2,3,1,0,2,2,2,0,2,0,2,1,1,0,2,0,2,2,1,0,1,0,1,0,0,0,0,2,0,2,0,2,0,2,1,1,0,0,1,0,0,1,1,0,0,0,1,1,0,2,2,0,0,0,1,0,0,0,1,1,0,0,0,1,0,2,0,0,0,1,0,0,0,0,0,3,0,2,0,1,0,1,0,2,0,0,0,0,2,0,0,0,1,0,3,0,0,1,0,0,1,0,1,0,0,1,0,0,0,0,0,1,0,1,0,0,0,0,0,1,0,1,0,1,0,0,0,1,0,0,0,1,0,0,0,0,0,0,0,1,0,0,0,0,0,0,0,0,0,0,2,0,0,0,0,1,0,0,1,0,0,1,0,1,0,0,0,0,0,0,0,0,0,0,0,0,0,1,0,0,0,0,0,0,0,0,0,1,0,0,0,0,0,0,1,0,0,0,0,0,0,0,0,0,1,0,0,0,0,0,0,0,0,0,0,0,0,0,0,1,0,0,0,0,0,0,0,0,0,0,0,0,0,0,0,0,0,1,0,0,0,0,0,0,0,0,0,0,0,0,0,0,0,0,0,0,0,0,0,0,0,0,0,0,0,0,0,0,0,0,0,0,0,0,0,0,0,0,0,0,0,0,0,0,0,0,0,0,0,0,0,0,0,0,0,0,0,0,0,1,0,0,0,0,0,0,0,0,1,0,0,0,0,0,0,1,0,0,1,0,0,0,0,0,0,0,0,0,0,0,0,0,0,0,0,0,0,0,0,0,0,0,1,0,0,0,0,0,0,0,1,0,0,0,0,0,0,0,0,0,0,0,0,0,0,0,0,0,0,0,0,0,0,0,0,0,0,0,0,0,0,0,0,0,0,0,0,0,0,0,0,0,0,0,0,0,0,0,0,0,0,0,0,0,0,0,0,0,0,0,0,0,0,0,0,0,0,0,0,0,0,0,0,0,0,0,0,0,0,0,0,0,0,0,0,0,0,0,0,0,0,0,0,0,0,0,0,1,
19,0.002912,0.011364,0.550725,1.017076,1.454599,1.443235,0.029912,0.034092,13.976023,87.996773, , , ,0,0,0,3,0,1,0,2,0,0,1,0,0,1,0,0,2,0,0,0,1,0,0,1,0,0,0,0,0,0,1,1,0,2,1,0,0,0,0,0,0,0,0,0,0,0,1,0,0,0,0,0,1,0,2,0,0,1,2,0,0,0,0,0,0,1,0,0,0,0,0,1,0,0,0,1,1,1,0,1,0,0,0,2,0,0,0,0,0,0,0,2,0,1,0,0,0,0,0,0,1,0,0,0,1,0,1,0,0,1,1,0,0,0,0,0,0,0,0,0,0,0,0,1,0,2,1,1,0,0,0,0,0,0,0,0,0,0,0,0,0,0,0,0,0,0,0,1,1,0,0,0,1,0,0,0,1,1,0,0,2,0,1,0,0,0,0,0,1,0,0,0,0,0,0,1,0,0,0,0,1,0,0,0,0,0,0,0,0,0,0,2,0,0,1,2,0,0,0,0,0,0,0,0,0,0,0,0,0,3,0,0,0,1,0,0,0,0,0,0,2,0,0,0,0,1,0,0,1,1,0,1,0,0,0,0,0,0,0,0,0,0,0,1,0,0,0,0,0,0,0,0,0,1,0,0,1,0,0,0,0,0,1,0,1,0,0,0,0,1,0,0,0,0,0,0,0,0,0,0,0,0,0,0,0,1,0,0,0,0,0,0,0,0,0,0,0,0,1,0,0,1,0,0,0,0,0,0,1,0,0,0,0,0,1,0,0,0,0,0,1,0,1,0,1,1,1,1,0,0,1,0,0,0,0,0,0,0,1,0,0,1,0,0,0,0,0,0,0,0,0,0,0,0,0,0,0,0,1,0,2,0,1,1,2,0,0,1,0,0,0,0,0,0,0,0,1,0,0,0,0,0,1,0,1,0,0,1,0,0,0,0,0,0,0,1,0,1,0,0,0,1,0,1,0,0,0,0,0,0,0,0,0,0,0,0,0,1,1,0,0,0,0,0,0,1,0,0,1,1,1,1,1,0,0,0,0,0,0,0,0,0,0,0,0,0,0,0,0,1,0,1,1,2,0,1,0,0,0,1,0,0,0,0,0,0,0,1,0,0,0,1,0,0,0,1,0,0,0,1,0,0,0,0,1,0,1,0,1,0,1,0,0,0,0,0,0,0,0,0,1,0,0,0,0,1,0,1,0,0,1,0,0,0,0,0,1,0,0,2,0,1,0,0,0,0,1,0,0,1,0,0,0,0,0,0,0,0,0,0,0,1,0,2,0,0,0,0,0,0,0,0,0,0,0,0,0,0,0,0,0,0,0,0,0,0,0,0,0,1,0,0,3,0,0,0,0,0,1,0,0,0,1,0,0,1,0,1,0,0,0,1,0,1,0,0,1,0,0,0,0,1,0,0,1,0,0,0,0,1,0,0,0,0,0,0,0,0,0,0,0,0,0,0,0,0,0,0,0,1,0,1,0,0,1,0,1,0,0,0,0,0,0,0,0,0,0,0,0,0,0,0,1,0,0,0,0,0,0,0,0,0,0,0,0,0,0,0,0,0,0,0,0,1,0,0,0,0,0,0,0,0,0,0,0,0,0,0,0,0,0,0,2,0,1,0,0,0,1,0,1,0,0,0,0,0,0,0,1,1,0,0,1,0,0,0,0,0,0,0,0,0,0,0,0,1,0,0,1,0,0,0,0,0,0,0,0,0,0,0,0,0,0,0,0,1,0,0,0,0,0,0,0,0,0,1,0,0,0,0,0,0,0,0,0,0,0,0,0,1,0,0,0,0,0,0,0,0,0,0,0,0,0,1,0,0,0,0,0,0,0,0,0,0,0,0,0,1,0,0,0,0,0,0,1,0,0,0,0,0,0,1,0,0,0,0,0,0,0,0,0,0,0,0,0,0,0,0,0,0,0,0,0,0,0,0,0,0,0,0,0,0,0,0,0,0,1,0,0,0,0,0,0,0,0,0,0,0,0,0,0,0,0,0,0,1,0,0,0,0,0,0,0,0,0,0,0,0,0,1,0,0,0,0,0,0,0,0,0,0,0,0,0,1,1,0,0,0,0,0,0,0,0,0,0,0,0,0,0,0,0,0,0,0,0,0,0,0,0,1,0,0,0,0,0,0,0,0,0,0,0,0,0,0,0,0,1,0,0,1,0,0,0,0,0,0,0,0,0,0,0,0,0,0,0,0,1,0,0,0,0,0,0,0,0,0,0,0,0,0,0,0,0,0,0,0,0,0,0,1,0,0,1,0,0,0,0,0,0,0,0,0,0,0,0,0,0,0,0,1,
19,0.000621,0.002484,0.021648,3.559644,0.317941,0.315457,0.006210,0.007452,19.999388,402.590637, , , ,3442,3323,3534,3441,3439,3456,3558,3496,3440,3420,3351,3402,3362,3410,3385,3332,3198,3365,3369,3375,3347,3301,3343,3218,3129,3172,3236,3199,3091,3041,3142,3087,3128,3084,2994,3024,2972,3020,2983,2835,2832,2809,2785,2845,2635,2786,2732,2613,2622,2687,2598,2641,2646,2575,2529,2409,2538,2417,2333,2361,2209,2442,2157,2219,2227,2270,2266,2160,2165,2112,2039,2118,1970,2022,2060,1991,1894,1951,1879,1842,1769,1804,1766,1658,1682,1661,1733,1613,1581,1603,1609,1536,1499,1519,1505,1426,1395,1356,1338,1387,1338,1367,1254,1338,1247,1237,1166,1240,1212,1095,1156,1063,1112,1114,1120,1025,1012,1046,1003,999,980,943,879,892,886,945,866,829,810,808,763,751,788,751,712,684,709,706,679,639,673,637,601,639,667,629,644,591,571,544,563,537,553,502,484,533,497,475,457,442,461,441,436,407,412,436,458,437,395,387,370,373,370,372,370,322,338,334,337,330,278,308,304,270,295,287,293,268,278,304,271,278,249,244,231,239,249,225,246,233,192,211,200,231,214,186,188,188,192,186,182,168,179,177,150,148,139,167,174,159,160,150,135,119,128,114,139,136,132,137,111,114,131,107,109,117,103,104,101,115,102,101,90,112,93,92,94,78,97,109,95,90,73,79,89,78,79,68,86,93,72,79,59,56,55,68,68,51,79,54,67,53,48,66,41,62,58,58,51,54,38,53,47,52,43,40,38,41,45,38,25,47,48,38,43,38,44,32,34,37,44,34,35,27,31,37,22,34,26,34,28,18,21,27,26,25,34,28,30,29,19,26,18,30,23,19,20,20,27,10,27,28,22,20,15,24,16,30,17,18,17,17,16,16,12,14,10,11,9,12,16,15,17,20,10,9,14,16,23,11,17,12,13,8,9,12,10,13,14,7,11,10,8,13,10,3,8,12,6,8,9,5,7,12,7,10,8,6,13,5,5,10,7,7,5,9,5,3,10,3,7,6,7,6,5,1,5,9,3,4,6,8,8,5,6,5,9,8,4,1,6,2,4,4,6,6,5,4,6,2,4,2,4,5,4,4,10,2,2,2,3,7,3,3,1,0,4,1,5,2,3,5,1,2,2,5,0,2,1,3,1,4,1,2,3,1,1,4,0,0,4,1,0,1,1,3,1,3,1,5,1,0,4,2,1,2,4,3,4,3,2,4,0,0,1,1,1,1,0,1,0,1,0,3,2,0,0,0,1,1,1,3,4,0,1,3,3,1,1,1,0,0,3,1,0,0,0,1,1,0,0,2,0,0,0,0,2,1,1,0,1,1,0,0,2,1,0,1,0,0,1,0,0,2,2,1,0,0,0,2,0,0,2,0,1,0,0,1,0,1,0,1,0,0,0,1,0,0,1,0,0,1,0,0,0,1,0,0,0,0,0,0,0,0,0,1,0,1,0,0,0,2,1,1,0,1,0,0,0,0,0,0,0,0,0,0,0,0,0,1,0,0,0,0,0,0,0,0,0,0,0,0,0,0,0,0,0,0,0,0,0,0,0,0,0,0,0,0,0,0,0,0,0,0,0,0,0,0,0,0,0,0,0,0,0,1,0,0,0,0,0,0,0,0,0,0,0,0,0,0,0,0,0,0,0,0,0,0,0,0,0,0,0,0,0,0,0,0,0,0,1,0,0,0,1,0,0,0,0,0,1,0,0,1,0,0,0,0,0,0,0,0,0,0,0,0,0,0,0,0,0,0,0,0,0,0,0,0,0,0,0,0,0,0,0,1,0,0,0,0,0,0,0,0,0,0,0,0,0,0,0,0,0,0,0,0,0,1,0,1,0,0,0,0,0,0,0,0,0,0,0,1,0,0,0,0,0,0,0,0,0,0,0,0,0,0,0,0,0,0,0,0,0,0,0,0,0,0,0,0,0,0,0,0,0,0,0,0,0,0,0,0,0,0,0,0,0,0,0,0,0,0,0,0,0,0,0,0,0,0,0,0,0,0,0,0,0,0,0,0,0,0,0,0,0,0,0,0,0,0,0,0,0,0,0,0,0,0,0,0,0,0,0,0,0,0,0,0,0,0,0,0,0,0,0,0,0,0,0,0,0,0,0,0,0,0,0,0,0,0,0,0,0,0,0,0,0,0,0,0,0,0,0,0,0,0,0,0,0,0,0,0,0,0,0,0,0,0,0,0,0,0,0,0,0,0,0,0,0,0,0,0,0,0,0,0,0,0,0,0,0,0,0,0,0,0,0,0,0,0,0,0,0,0,0,0,0,0,0,0,0,0,0,0,0,0,0,0,0,0,0,0,0,0,0,0,0,0,0,0,0,0,0,0,0,0,0,0,0,1,
20,0.004031,0.014605,0.522668,1.683621,1.869494,1.854889,0.036857,0.043816,18.880541,68.467712, , , ,0,0,0,1,0,0,0,1,0,0,0,0,0,1,0,2,0,0,1,1,0,2,0,0,1,0,0,0,1,0,0,0,1,0,2,1,1,1,0,0,1,1,1,1,0,0,0,0,0,0,1,1,0,0,1,1,1,1,1,1,0,0,0,0,0,2,0,1,0,0,0,0,0,0,1,0,0,0,1,1,0,1,1,1,1,0,0,0,1,1,0,0,0,0,0,0,1,0,0,0,0,0,1,0,0,0,0,1,0,0,0,0,0,0,0,1,2,0,0,0,0,0,1,0,0,0,1,0,2,0,0,1,0,1,0,0,1,0,0,0,0,0,0,0,0,0,1,0,0,0,2,0,1,1,1,0,0,1,2,0,4,0,1,2,0,1,2,0,0,0,0,0,0,1,2,0,2,1,0,0,0,1,1,1,0,1,0,0,0,0,0,0,0,1,0,0,2,0,0,0,0,0,0,0,0,1,0,0,0,0,0,0,0,0,0,0,0,0,1,0,0,0,1,0,0,0,1,0,1,0,0,1,2,0,0,0,0,0,0,0,1,1,1,0,0,1,0,0,0,1,0,0,0,0,0,0,1,0,1,1,0,0,1,1,0,1,0,0,0,0,0,1,0,0,2,0,0,0,1,0,1,1,0,0,1,0,2,0,0,0,0,1,0,1,2,0,0,0,0,0,1,0,1,0,1,0,0,0,0,1,0,0,1,0,0,0,1,0,0,0,0,0,0,0,0,0,0,0,0,0,0,0,0,0,2,1,2,1,0,0,0,2,1,0,0,0,1,0,0,0,0,0,0,1,1,0,0,0,0,0,0,0,1,0,0,0,1,0,0,0,2,0,0,0,0,0,0,0,1,0,0,0,1,0,1,0,0,0,0,1,0,0,0,0,0,0,0,0,0,0,0,0,0,1,0,0,0,0,0,0,1,1,1,0,0,0,0,1,0,0,0,0,0,0,1,2,1,0,0,1,0,0,1,0,0,0,0,0,0,0,0,0,0,0,0,1,0,0,0,0,1,0,0,0,0,0,0,1,0,0,0,0,0,0,0,0,0,0,0,0,0,0,1,0,1,0,1,0,0,0,0,0,0,0,0,0,0,0,0,0,0,1,0,0,0,0,0,0,0,0,0,0,0,0,0,0,0,1,0,0,0,1,0,0,0,0,0,0,0,0,0,0,0,0,0,0,0,0,0,0,1,0,0,0,0,0,0,0,1,0,0,0,0,0,0,0,0,0,0,0,0,0,0,1,0,1,0,0,0,0,0,0,0,0,0,1,1,0,0,0,0,1,1,1,0,1,1,0,0,0,0,0,0,1,0,0,0,0,0,0,0,0,0,0,0,0,0,0,0,0,0,0,1,0,0,0,0,0,0,0,1,0,1,0,0,0,0,0,0,0,0,0,0,0,0,0,0,0,1,0,0,0,0,0,0,0,0,0,0,0,0,0,0,0,0,0,1,0,0,0,0,1,0,0,0,0,0,0,1,0,0,0,0,0,0,0,0,0,0,0,0,0,0,0,0,1,0,0,0,0,0,1,0,0,0,0,0,0,0,0,0,0,0,0,1,0,0,0,0,0,0,0,0,0,0,0,0,0,0,0,0,0,0,0,0,0,0,0,0,0,0,0,0,0,0,0,0,0,0,0,0,0,0,1,0,0,0,0,0,0,0,0,0,0,0,0,0,1,0,0,0,0,0,0,0,0,0,0,0,0,0,0,0,0,0,0,0,0,0,0,0,0,0,0,0,0,0,0,0,0,0,0,0,0,0,0,0,0,0,0,0,0,0,0,0,0,0,0,0,0,0,0,0,0,0,0,0,0,0,0,0,0,0,0,0,0,0,0,0,0,0,0,0,0,0,0,0,0,0,0,0,0,0,0,0,0,0,0,0,0,0,0,0,0,0,0,0,0,0,0,0,0,0,0,0,0,0,0,0,0,0,0,0,0,0,0,0,0,0,0,0,0,0,0,0,0,0,0,0,0,0,0,0,0,0,0,0,0,0,0,0,0,0,0,0,0,0,0,0,0,0,0,0,0,0,0,0,0,0,0,0,0,0,0,0,0,0,0,0,0,0,0,0,0,0,0,0,0,0,0,0,0,0,0,0,0,0,0,1,0,0,0,0,0,0,0,0,0,1,0,0,0,0,0,0,0,0,0,0,0,0,0,0,0,0,0,0,0,0,0,0,0,0,0,0,0,0,0,0,0,0,0,0,0,0,0,0,0,0,0,0,0,0,0,0,0,0,1,0,1,
20,0.000521,0.002084,0.019217,3.461472,0.266692,0.264608,-0.005209,-0.006251,19.997442,479.955078, , , ,3332,3375,3382,3369,3446,3329,3318,3356,3365,3306,3239,3336,3385,3371,3268,3229,3288,3234,3216,3156,3162,3205,3130,3078,3109,3169,3103,3070,2999,2967,3008,2870,3101,2984,3081,2933,2786,2866,2799,2717,2762,2763,2679,2739,2737,2640,2646,2640,2593,2434,2531,2463,2553,2372,2517,2465,2415,2414,2380,2246,2205,2238,2185,2139,2183,2163,2152,2037,2108,2047,2031,2028,1904,1984,1943,1878,1835,1828,1796,1807,1724,1773,1664,1634,1667,1724,1629,1504,1528,1526,1547,1588,1487,1458,1464,1428,1433,1380,1383,1394,1277,1290,1243,1292,1240,1175,1181,1200,1233,1178,1150,1134,1137,1114,1032,1035,1050,998,1058,948,934,977,923,953,953,971,862,901,895,828,861,828,782,829,836,776,771,755,746,762,693,659,679,656,660,633,599,640,630,564,600,608,601,543,569,580,545,518,535,534,485,503,523,481,504,484,454,446,447,391,484,451,422,403,378,415,428,377,377,370,387,377,374,309,358,333,352,371,363,289,299,318,265,314,296,272,312,265,250,279,247,239,263,235,235,256,228,234,226,204,230,234,204,197,204,185,215,195,212,180,184,181,201,150,168,161,156,155,157,143,155,162,143,128,166,146,132,127,166,164,143,134,119,133,122,113,136,122,103,130,115,98,118,107,113,96,93,102,90,96,95,87,83,88,93,71,92,103,84,92,89,85,89,82,84,59,89,60,67,49,63,68,66,65,57,61,70,52,47,44,76,58,52,65,48,51,54,46,42,54,59,52,35,43,35,40,45,51,42,33,48,28,40,38,42,34,34,33,30,30,28,28,37,35,27,28,30,30,29,30,36,31,25,18,29,30,25,24,17,29,26,24,19,26,28,21,20,19,12,21,23,20,15,19,24,23,19,18,21,22,9,15,21,14,14,18,12,21,14,16,21,14,13,15,14,10,15,13,17,16,6,9,17,7,12,16,19,14,11,7,8,7,7,12,13,8,17,10,8,10,8,10,7,6,6,5,10,5,4,6,7,11,6,9,9,7,6,5,2,8,8,4,3,7,8,6,9,8,5,6,8,8,2,6,9,6,5,8,3,3,5,2,3,7,3,2,4,4,4,0,3,1,5,3,4,7,5,7,1,4,3,7,2,3,4,1,2,2,2,3,5,1,4,6,0,8,5,2,3,0,7,4,3,2,1,4,1,1,5,0,2,5,1,1,3,1,0,2,2,1,1,1,1,2,2,4,3,1,0,3,4,1,6,4,0,3,5,4,1,1,0,0,3,2,3,2,1,0,1,0,2,2,3,4,1,2,1,2,0,2,2,1,1,1,1,2,1,1,0,0,2,3,0,1,4,0,5,0,0,3,1,1,1,2,3,0,0,0,2,0,0,2,1,0,1,0,1,1,1,0,2,1,0,0,0,1,2,1,2,0,1,0,0,1,0,0,0,0,1,1,0,1,0,0,0,1,2,0,2,0,1,0,0,1,0,1,0,1,0,1,1,0,0,1,0,0,0,0,0,1,2,0,2,1,1,0,0,1,0,1,1,0,0,0,1,1,1,1,0,0,2,0,0,0,0,0,0,0,0,0,0,1,1,0,0,1,2,0,1,0,0,0,0,0,0,0,0,0,1,0,0,0,1,0,0,0,0,0,1,0,0,0,0,1,1,2,0,0,0,0,0,0,0,0,0,0,0,0,0,0,0,0,0,0,1,0,0,0,0,0,0,0,0,0,0,0,1,0,0,0,0,0,1,0,0,0,1,1,1,0,0,0,1,0,0,0,0,1,0,0,0,1,0,0,1,0,0,2,0,0,0,0,0,0,0,0,0,0,0,0,0,0,0,0,0,0,0,0,0,0,0,0,1,0,0,0,1,0,0,0,0,0,0,0,0,0,0,0,0,0,0,0,0,0,0,0,0,0,0,0,0,0,0,0,0,0,0,0,0,0,0,0,0,0,0,0,0,0,0,0,0,0,0,0,0,0,0,0,0,0,0,0,0,0,0,0,0,0,0,0,0,0,0,0,0,0,0,0,0,0,0,0,0,0,0,0,0,0,0,0,0,0,0,0,0,0,0,0,0,0,0,0,0,0,0,0,0,0,0,0,0,0,0,0,0,0,0,0,0,0,0,0,0,0,0,0,0,0,0,0,0,0,0,0,0,0,0,0,0,0,0,0,0,0,0,0,0,0,0,0,0,0,0,0,0,0,0,0,0,0,0,0,0,0,0,0,0,0,0,0,0,0,0,0,0,0,0,0,0,0,0,0,0,0,0,0,0,0,0,0,0,0,0,0,0,0,0,0,0,0,0,0,0,0,0,0,0,0,0,0,0,0,0,0,0,0,0,0,0,1,
22,0.004159,0.017217,0.447582,1.461803,2.203735,2.186518,0.043606,0.051650,18.446724,58.083206, , , ,0,0,2,0,0,1,0,2,1,0,0,1,2,1,0,0,0,0,0,1,0,0,1,0,0,0,0,0,0,0,1,0,0,2,0,0,0,0,0,0,0,1,1,1,0,0,1,0,1,1,0,0,0,0,0,2,0,1,0,1,0,2,1,2,1,0,0,1,0,0,1,2,1,0,1,1,0,0,0,0,1,2,0,1,1,3,0,0,1,0,1,0,0,2,0,0,2,1,1,1,0,0,1,0,0,0,0,1,1,2,0,1,2,1,1,0,0,0,1,0,0,0,0,2,1,1,0,0,1,0,1,2,0,2,0,1,1,0,0,0,0,0,0,1,0,0,1,0,0,0,0,1,0,1,1,0,2,3,1,0,1,1,1,0,0,0,1,0,1,1,0,0,0,0,0,0,1,1,0,0,0,0,0,0,0,0,2,1,1,0,0,0,1,1,1,1,1,0,0,0,0,1,0,0,1,0,0,1,1,2,1,0,0,0,1,0,0,2,0,2,0,0,0,0,0,1,1,1,0,1,0,0,0,0,0,0,0,0,0,2,0,1,2,0,0,1,0,0,1,0,1,2,0,0,3,0,1,0,1,1,0,0,0,0,0,0,1,0,0,0,1,0,0,0,0,1,0,1,1,0,0,2,0,0,0,0,0,1,1,2,2,1,0,1,0,0,1,0,0,1,0,0,0,0,1,1,1,0,0,0,2,0,0,2,0,1,0,0,0,0,0,0,1,0,1,0,1,0,0,0,0,0,1,0,1,0,0,0,0,0,0,1,0,0,0,0,0,0,0,0,0,0,1,0,0,0,0,0,0,0,0,1,0,0,0,0,0,0,0,0,0,0,0,1,0,1,0,0,0,0,0,0,0,0,0,0,1,0,0,0,0,1,0,1,0,0,0,0,0,0,0,0,0,0,0,0,1,0,0,0,0,0,0,0,0,0,0,0,0,0,0,0,0,0,0,0,1,0,0,0,0,1,0,0,0,0,0,0,0,0,0,0,1,0,0,0,0,0,0,0,0,1,0,0,0,0,0,0,1,0,0,0,0,0,0,0,0,0,0,0,0,0,1,0,0,0,0,0,0,0,0,0,0,0,0,0,0,0,0,0,0,0,0,0,0,0,0,0,0,0,0,0,0,0,1,0,0,0,0,0,0,0,0,0,0,0,0,0,1,0,0,0,0,0,0,0,0,1,0,0,0,0,0,0,0,0,0,0,0,0,0,0,0,0,0,0,0,0,0,0,0,0,0,0,0,0,0,0,0,0,0,0,0,0,0,0,0,0,0,0,0,1,0,0,0,0,0,0,0,0,0,0,1,0,0,0,0,0,0,0,0,0,0,0,0,0,0,0,0,0,0,0,0,0,0,0,0,0,0,0,0,0,0,0,0,0,0,0,0,0,0,0,0,0,0,0,0,0,0,0,0,0,0,0,0,0,0,0,0,0,0,0,0,0,0,0,0,0,0,0,1,0,0,0,0,0,0,0,0,0,0,0,0,0,0,0,0,0,0,0,0,0,0,0,0,0,0,0,0,0,0,0,0,0,0,0,0,0,0,0,0,0,0,0,0,0,0,0,0,0,0,0,0,0,0,0,0,0,0,0,0,0,0,0,1,0,0,0,0,0,0,0,0,0,0,0,0,0,0,0,0,0,0,0,0,0,0,0,0,0,0,0,0,0,0,0,0,0,0,0,0,0,0,0,0,1,0,0,0,0,0,0,0,0,0,0,0,0,0,0,0,0,0,0,0,0,0,0,0,0,0,0,0,0,0,0,0,0,0,0,0,0,0,0,0,0,0,0,0,0,0,0,0,0,0,0,0,0,0,0,0,0,0,0,0,0,0,0,0,0,0,0,0,0,0,0,0,0,0,0,0,0,0,0,0,0,0,0,0,0,0,0,0,0,0,0,0,0,0,0,0,0,0,0,0,0,0,0,0,0,0,0,0,0,0,0,0,0,0,0,0,0,0,0,0,0,0,0,0,0,0,0,0,0,0,0,0,0,0,0,0,0,0,0,0,0,0,0,0,0,0,0,0,0,0,0,0,0,0,0,0,0,0,0,0,0,0,0,0,0,0,0,0,0,0,0,0,0,0,0,0,0,0,0,0,0,0,0,0,0,0,0,0,0,0,0,0,0,0,0,0,0,0,0,0,0,0,0,0,0,0,0,0,0,0,0,0,0,0,0,0,0,0,0,0,0,0,0,0,0,0,0,0,0,0,0,0,0,0,0,0,0,0,0,0,0,0,0,0,1,
22,0.000213,0.000427,0.007186,3.656650,0.109194,0.109194,0.002133,0.002559,19.998528,1172.223633, , , ,3641,3768,3641,3744,3797,3740,3776,3718,3735,3577,3800,3597,3561,3680,3715,3695,3606,3460,3625,3374,3600,3462,3491,3471,3291,3400,3343,3330,3262,3267,3276,3216,3249,3148,3181,3192,3056,3095,3091,2935,2936,2894,3015,2939,2860,2885,2796,2803,2757,2584,2625,2555,2529,2518,2488,2410,2436,2325,2253,2228,2333,2200,2259,2203,2189,2144,2142,2142,2174,2024,2114,2002,1954,1935,1970,1799,1861,1756,1799,1817,1762,1727,1653,1619,1600,1635,1627,1579,1509,1509,1573,1458,1405,1424,1331,1347,1334,1261,1265,1223,1195,1213,1174,1178,1132,1061,1099,1106,1031,1106,986,1029,957,945,976,927,954,878,953,882,889,904,889,819,843,794,766,755,748,741,743,687,749,667,655,656,631,648,651,611,563,594,576,578,597,569,543,528,541,465,541,486,457,489,462,413,462,419,441,439,380,386,413,410,353,380,400,349,401,316,349,344,348,354,341,275,347,336,326,276,299,250,266,266,264,255,272,257,255,270,237,242,214,194,207,210,201,236,230,218,201,189,203,212,172,201,171,161,192,179,164,155,162,157,160,141,152,126,153,154,142,129,138,138,138,122,122,128,123,142,105,130,110,104,89,93,87,84,91,103,96,84,91,101,104,79,99,75,81,86,65,79,85,77,66,63,75,66,62,74,87,72,60,58,53,54,63,63,48,58,54,57,55,59,53,52,55,55,49,50,48,46,50,51,51,45,44,37,40,43,47,40,44,42,39,51,33,45,37,34,38,33,38,34,31,29,32,39,35,26,22,32,32,37,27,31,31,26,27,24,15,25,32,23,27,24,30,26,24,25,24,19,28,23,18,27,19,26,16,20,18,24,17,21,22,19,9,17,18,16,21,20,19,22,19,19,17,13,14,21,16,22,5,14,8,16,9,17,10,11,8,13,9,13,14,12,8,16,10,8,8,13,5,9,9,6,8,15,13,11,11,8,8,14,11,12,15,4,12,14,8,11,8,5,10,5,11,5,9,7,7,3,7,8,5,6,5,7,9,6,7,10,6,2,7,9,3,11,6,3,4,5,3,4,8,8,6,7,5,3,8,8,3,5,7,8,10,3,3,8,5,2,4,2,5,5,9,1,8,4,3,9,2,5,5,5,5,2,3,4,4,2,2,2,3,6,5,3,5,1,2,5,3,2,4,6,2,2,1,6,2,4,4,2,0,2,1,1,3,5,3,4,3,3,0,3,3,1,5,2,0,2,2,2,0,6,0,2,1,0,2,0,1,0,3,2,2,2,2,2,2,3,1,2,0,3,0,3,1,2,1,1,0,0,1,3,2,1,2,3,0,0,0,1,1,1,1,0,1,2,1,0,2,0,0,1,1,0,1,1,0,0,0,1,0,1,1,1,0,0,1,0,0,2,0,1,3,0,0,0,1,0,1,0,1,0,0,1,1,1,0,1,2,1,1,0,1,1,0,0,0,0,0,1,1,2,4,1,1,0,0,0,0,1,0,0,0,1,0,1,0,2,2,0,2,1,0,0,0,2,0,0,0,1,0,0,1,1,0,0,0,0,0,1,0,0,0,1,0,0,0,0,0,1,0,0,1,0,2,1,1,0,0,0,1,1,1,2,0,0,0,0,1,0,1,2,0,0,0,0,0,0,0,0,1,1,1,0,1,0,1,0,0,0,0,0,0,0,0,2,0,0,0,0,1,1,0,1,0,0,0,0,0,0,0,0,0,0,0,0,0,0,0,0,0,0,1,0,0,0,0,0,0,0,2,0,0,0,0,1,1,0,0,0,0,0,0,0,0,0,0,0,0,1,0,1,0,0,1,0,0,0,0,0,0,1,0,0,0,0,0,0,1,0,0,0,0,0,0,0,0,0,0,0,0,0,0,0,0,0,0,0,0,0,0,0,0,1,0,0,0,0,0,0,0,0,0,0,0,0,0,0,0,0,0,1,0,0,0,0,0,0,0,0,0,0,0,0,0,0,0,0,0,0,0,0,0,0,0,0,0,0,0,0,0,0,0,0,0,1,1,1,0,0,0,0,0,0,0,0,0,0,0,0,1,0,0,0,0,0,0,0,0,0,0,0,0,0,0,0,0,0,0,0,0,0,0,0,0,0,0,0,0,0,0,0,0,0,0,0,0,0,0,0,0,0,0,0,0,0,0,0,0,0,0,0,0,0,1,0,0,0,0,0,0,0,0,0,0,0,0,0,0,0,0,0,0,0,0,0,0,0,0,1,0,0,0,0,0,0,0,0,0,0,0,0,0,0,0,0,0,0,0,0,0,0,0,0,0,0,0,0,0,1,0,0,0,0,0,0,0,0,0,0,0,0,0,0,0,1,
23,0.006240,0.012121,0.448916,2.220106,3.122747,3.122747,-0.062630,-0.073189,16.859022,40.989555, , , ,0,0,1,2,0,1,0,1,2,1,0,2,2,0,0,0,1,0,3,1,2,1,0,1,0,0,1,0,2,1,1,0,0,1,0,0,2,0,2,2,1,3,0,2,0,0,1,0,1,1,0,3,1,0,0,0,0,0,1,1,0,1,0,1,1,0,1,1,0,0,0,0,1,3,0,1,0,3,0,1,1,1,0,4,0,2,1,0,1,2,0,2,1,0,0,0,0,1,0,2,1,1,0,3,0,0,0,2,1,0,1,2,1,1,0,0,1,0,0,2,1,0,1,1,2,0,3,0,0,0,1,2,1,1,2,2,1,0,1,2,2,1,0,0,0,2,1,1,1,0,0,2,0,0,0,0,0,1,0,3,1,0,1,0,0,0,0,1,0,1,0,0,1,1,1,0,1,0,0,0,0,0,1,0,0,0,0,2,0,0,0,0,0,2,0,0,0,1,0,1,1,0,1,0,1,0,1,0,0,0,0,1,0,0,0,0,1,3,0,0,0,0,0,0,1,0,0,0,1,0,0,1,0,2,0,0,0,0,0,0,0,1,0,0,0,0,1,0,0,1,0,0,0,0,0,0,1,0,1,0,0,0,0,0,2,0,1,1,1,0,0,0,0,1,1,2,0,0,0,0,0,0,0,1,0,0,0,0,0,0,0,0,0,0,0,0,0,0,1,0,0,1,0,1,0,0,0,0,0,0,0,0,0,0,0,0,0,1,0,0,0,0,0,0,1,0,0,0,0,0,0,0,0,0,0,0,0,0,0,0,0,0,0,0,0,0,0,0,0,0,0,0,0,0,0,0,0,0,0,0,0,0,0,1,0,0,1,0,0,0,2,1,0,0,0,0,0,0,0,0,0,0,0,0,0,0,1,0,0,0,0,0,0,0,0,0,0,0,0,0,0,0,0,0,0,0,0,0,0,0,0,0,0,0,0,0,0,0,0,0,0,0,0,0,0,0,0,0,0,0,0,0,0,0,1,0,0,0,0,0,0,0,0,0,0,0,0,0,0,0,0,0,0,0,0,0,0,0,0,0,0,1,0,0,0,0,0,0,0,0,0,0,0,0,0,0,0,1,0,0,0,0,0,0,0,0,0,0,0,0,0,0,0,0,0,0,0,0,0,0,0,0,0,0,0,0,0,0,0,0,0,0,0,0,0,1,0,0,0,0,0,0,0,0,0,0,0,0,0,0,0,0,0,0,0,0,0,0,0,0,0,0,0,0,0,0,0,0,0,0,0,0,0,0,0,0,0,0,0,0,0,0,0,0,0,0,0,0,0,0,0,0,0,0,0,0,0,0,0,0,0,0,0,0,0,0,0,0,0,0,0,0,0,0,0,0,0,0,0,0,0,0,0,0,0,0,0,0,0,0,0,0,0,0,1,0,0,0,0,0,0,0,0,0,0,0,0,0,0,0,0,0,0,0,0,0,0,0,0,0,0,0,0,0,0,0,0,0,0,0,0,0,0,0,0,0,0,0,0,0,0,0,0,0,0,0,0,0,0,0,0,0,0,0,0,0,0,0,0,0,0,0,0,0,0,0,0,0,0,0,0,0,0,0,0,0,0,0,0,0,0,0,0,0,0,0,0,0,0,0,0,0,0,0,0,0,0,0,0,0,0,0,0,0,0,0,0,0,0,0,0,0,0,0,0,0,0,0,0,0,0,0,0,0,0,0,0,0,0,0,0,0,0,0,0,0,0,0,0,0,0,0,0,0,0,0,0,0,0,0,0,0,0,0,0,0,0,0,0,0,0,0,0,0,0,0,0,0,0,0,0,0,0,0,0,0,0,0,0,0,0,0,0,0,0,0,0,0,0,0,0,0,0,0,0,0,0,0,0,0,0,0,0,0,0,0,0,0,0,0,0,0,0,0,0,0,0,0,0,0,0,0,0,0,0,0,0,0,0,0,0,0,0,0,0,0,0,0,0,0,0,0,0,0,0,0,0,0,0,0,0,0,0,0,0,0,0,0,0,0,0,0,0,0,0,0,0,0,0,0,0,0,0,0,0,0,0,0,0,0,0,0,0,0,0,0,0,0,0,0,0,0,0,0,0,0,0,0,0,0,0,0,0,0,0,0,0,0,0,0,0,0,0,0,0,0,0,0,0,0,0,0,0,0,0,0,0,0,0,0,0,0,0,0,0,0,0,0,0,0,0,0,0,0,0,0,0,0,0,0,0,0,0,0,0,0,0,0,0,0,0,0,0,0,0,0,0,0,0,0,0,0,0,0,0,0,0,0,0,1,
23,0.002860,0.005723,0.028196,6.335951,1.465131,1.465131,0.028616,0.034339,19.999557,87.364197, , , ,12698,12471,12693,12242,12169,11908,11811,11479,11241,10972,10675,10288,9878,9515,9109,8730,8195,8017,7770,7329,6869,6484,6376,6061,5748,5463,4930,4911,4614,4362,4126,3847,3690,3476,3141,2968,2884,2663,2422,2306,2130,2084,1954,1830,1609,1606,1429,1387,1256,1176,1119,1040,995,921,882,812,758,695,656,610,550,534,517,478,430,426,375,348,334,345,367,265,263,246,263,223,212,227,178,181,154,172,145,136,135,117,127,120,102,104,92,86,88,95,82,90,80,60,73,72,66,55,45,63,43,40,43,37,34,35,35,29,50,40,34,31,24,30,17,21,17,22,18,17,24,16,21,19,12,20,19,9,18,11,13,16,10,13,13,15,11,9,12,7,7,10,3,10,10,6,10,6,4,5,6,8,3,5,9,2,5,7,3,4,2,2,5,6,2,2,2,3,6,2,4,3,2,3,1,1,0,1,3,1,1,1,2,1,1,3,1,1,2,1,2,1,0,1,2,2,1,1,1,1,1,2,1,2,3,0,3,1,2,1,0,0,2,0,1,0,0,0,0,0,2,0,0,1,1,0,1,1,0,2,0,0,0,0,0,0,0,0,2,0,0,0,0,0,0,0,1,1,0,0,0,1,0,0,1,0,1,0,1,0,2,2,0,0,0,0,4,1,1,0,0,0,0,0,0,0,0,2,0,0,0,1,0,0,1,0,0,0,0,0,0,1,0,0,0,0,1,0,0,1,0,0,1,0,0,1,0,0,0,0,0,0,0,0,0,0,0,0,0,0,0,0,0,0,0,0,1,1,0,0,0,0,0,0,0,0,0,0,0,0,0,1,0,0,0,0,0,0,0,0,0,0,0,0,1,0,0,0,0,0,1,0,0,0,0,0,0,0,0,0,0,0,0,1,0,0,0,0,0,0,0,0,0,1,0,0,0,0,0,0,0,0,0,0,0,1,0,0,0,0,0,0,0,0,0,0,1,0,0,0,0,0,0,0,0,0,0,0,0,0,0,0,0,0,0,0,0,0,0,0,0,1,0,0,0,0,0,0,0,0,0,0,0,0,0,0,0,0,0,1,0,0,0,1,0,0,0,1,0,0,0,0,0,0,0,0,0,0,0,0,0,0,0,0,0,0,0,0,0,0,0,0,0,0,0,0,0,0,0,0,0,0,0,0,0,0,0,0,0,0,0,0,0,0,0,0,0,0,0,0,0,0,0,0,0,0,0,0,0,0,0,0,0,0,0,0,0,0,0,0,0,0,0,0,0,0,0,0,0,0,0,0,0,0,0,0,0,0,0,0,0,0,0,0,0,0,0,0,0,0,0,0,0,0,0,0,0,0,0,0,0,0,0,0,0,0,0,0,0,0,0,0,0,0,0,0,0,0,0,0,0,0,0,0,0,0,0,0,0,0,0,0,0,0,0,0,0,0,0,0,0,0,0,0,0,0,0,0,0,0,0,0,0,0,0,0,0,0,0,0,0,0,0,0,0,0,0,0,0,0,0,0,0,0,0,0,0,0,0,0,0,0,0,0,0,0,0,0,0,1,0,0,0,0,0,0,0,0,0,0,0,0,0,0,0,0,0,0,0,0,0,0,0,0,0,0,0,0,0,0,0,0,0,0,0,0,0,0,0,0,0,0,0,0,0,0,0,0,0,0,0,0,0,0,0,0,0,0,0,0,0,0,0,0,0,0,0,0,0,0,0,0,0,0,0,0,0,0,0,0,0,0,0,0,0,0,0,0,0,0,0,0,0,0,0,0,0,0,0,0,0,0,0,0,0,0,0,0,0,0,0,0,0,0,0,0,0,0,0,0,0,0,0,0,0,0,0,0,0,0,0,0,0,0,0,0,0,0,0,0,0,0,0,0,0,0,0,0,0,0,0,0,0,0,0,0,0,0,0,0,0,0,0,0,0,0,0,0,0,0,0,0,0,0,0,0,0,0,0,0,0,0,0,0,0,0,0,1,0,0,0,0,0,0,0,0,0,0,0,0,0,0,0,0,0,0,0,0,0,0,0,0,0,0,0,0,0,0,0,0,0,0,0,0,0,0,0,0,0,0,0,0,0,0,0,0,0,0,0,0,0,0,0,0,0,0,0,0,0,0,0,0,0,0,0,0,0,0,0,0,0,0,0,0,0,0,0,0,0,0,0,0,0,0,0,0,0,0,0,0,0,0,0,0,0,0,0,0,0,0,0,0,0,0,0,0,0,0,0,0,0,0,0,0,0,0,0,0,0,0,0,0,0,0,0,0,0,0,0,0,0,0,0,0,0,0,0,0,0,0,0,0,0,0,0,1,
24,0.003622,0.014682,0.570417,1.201588,1.879284,1.864602,-0.052795,-0.058728,11.237001,68.111038, , , ,0,0,0,0,0,0,0,1,2,0,1,0,0,0,1,0,1,0,0,0,0,0,1,1,0,0,0,0,1,1,1,0,1,0,0,0,1,0,0,0,0,0,2,1,0,0,1,0,0,0,1,1,0,0,0,0,0,0,0,0,1,0,0,0,0,0,0,0,0,0,0,0,2,0,0,0,0,0,0,0,0,1,1,1,0,0,0,0,1,0,0,1,0,0,1,0,0,0,0,1,0,0,0,0,0,0,0,0,1,2,1,1,0,1,1,1,2,0,0,2,1,1,0,0,1,1,1,1,0,0,0,1,1,0,0,1,0,0,1,1,1,0,1,0,3,0,1,0,0,0,0,0,0,0,1,3,0,0,0,1,0,1,0,1,0,1,1,1,0,1,0,0,1,0,0,0,1,0,0,0,0,0,0,0,1,0,0,0,0,1,0,0,0,0,1,0,1,0,1,0,0,0,1,0,0,0,1,0,0,0,0,0,3,0,0,0,0,0,1,0,2,0,0,0,0,0,1,0,0,0,0,0,0,1,0,0,0,0,0,0,0,0,0,0,0,0,0,0,1,0,0,0,0,1,0,1,0,2,1,0,2,0,1,0,0,0,1,0,1,0,0,1,1,0,1,0,1,1,1,2,0,0,0,0,0,0,0,1,1,0,0,0,1,0,0,0,1,0,0,0,0,0,0,0,0,0,0,0,0,0,0,0,2,0,0,0,1,3,0,0,0,0,0,0,1,1,0,1,0,1,0,0,1,0,0,0,0,2,0,0,1,0,0,1,0,0,1,0,0,0,0,2,1,0,0,1,0,0,0,0,1,0,0,0,0,1,0,0,0,0,0,0,0,0,0,0,0,1,0,0,0,0,0,0,0,0,0,1,0,0,0,1,1,1,0,0,1,0,1,0,0,0,0,1,1,0,0,1,1,1,0,0,0,0,1,0,0,0,0,0,0,0,1,1,1,0,3,0,0,0,0,1,0,0,0,1,0,0,0,0,2,0,0,0,0,0,0,0,1,0,0,1,0,0,0,0,0,0,0,0,0,0,0,0,0,0,0,0,0,0,0,0,0,0,0,0,0,0,1,0,0,0,0,0,0,0,1,0,0,0,0,0,0,0,0,1,0,1,1,0,1,0,0,0,0,0,0,0,0,0,0,0,0,0,0,0,0,0,0,0,0,1,0,0,0,0,1,0,0,0,0,1,0,0,0,0,0,0,0,0,0,0,0,0,0,0,0,1,0,0,0,0,0,0,0,0,0,0,0,0,0,0,1,1,0,0,0,0,0,0,0,0,0,1,2,0,0,0,0,0,0,0,0,1,0,0,0,0,0,0,0,0,0,0,0,0,0,0,0,0,0,0,0,1,0,0,0,0,0,0,0,0,0,0,0,1,1,0,0,0,0,0,0,0,0,0,0,0,0,0,0,0,0,0,0,0,0,0,0,0,0,0,0,0,0,0,1,0,0,0,0,0,0,0,0,0,0,0,0,0,0,0,0,0,0,0,0,0,0,0,0,0,0,0,0,0,0,0,1,0,0,0,0,0,0,0,0,0,0,0,0,0,0,0,0,0,0,0,0,0,0,0,0,0,0,0,0,0,0,0,0,0,1,0,0,0,0,0,1,0,0,0,0,0,0,0,0,0,0,0,0,0,1,0,0,0,0,0,0,0,0,0,1,0,0,0,0,0,0,0,0,0,0,0,0,0,0,0,1,0,0,0,0,0,1,0,0,0,0,0,0,0,0,0,0,0,0,0,0,0,0,0,0,0,0,0,1,0,0,0,0,0,0,1,1,0,0,0,0,0,0,0,0,0,0,0,0,0,0,0,0,0,0,0,0,0,0,0,0,0,0,0,0,0,0,0,0,0,0,0,0,0,0,0,0,0,0,0,0,0,0,0,0,0,0,1,0,0,0,0,0,0,0,0,0,0,0,0,0,0,0,0,0,0,0,0,0,0,0,0,0,0,0,1,0,0,0,0,0,0,0,0,0,0,0,0,0,0,0,1,0,0,0,0,0,0,0,0,0,0,0,0,0,0,0,0,0,0,0,0,0,1,0,0,0,0,0,0,0,0,0,0,0,0,0,0,0,0,0,0,0,0,0,0,0,0,0,0,0,0,0,0,0,0,0,0,0,0,0,0,0,0,0,0,0,0,0,0,0,0,0,0,1,0,0,0,0,0,0,0,0,0,0,0,0,0,0,0,0,0,0,0,0,0,0,0,0,0,0,0,0,0,0,0,0,0,0,0,0,1,
24,0.003537,0.007197,0.020675,7.015950,1.842479,1.842479,0.035986,0.043183,19.998549,69.471634, , , ,32008,28600,24566,21901,19641,17562,16016,14557,13429,11917,11200,10332,9437,8597,7791,7108,6487,5940,5410,4938,4536,4162,3755,3409,3118,2913,2672,2401,2128,2012,1775,1703,1523,1363,1309,1119,1078,990,960,803,715,706,662,604,511,530,447,428,390,320,363,321,316,284,242,206,216,182,163,185,160,131,150,156,116,119,86,84,92,86,63,57,66,54,63,63,54,56,41,37,54,43,35,45,33,39,34,36,37,31,20,21,24,25,21,18,24,18,15,15,15,10,14,11,22,14,7,18,12,12,8,7,6,11,10,11,9,10,7,10,7,7,5,7,8,11,10,8,6,2,10,4,6,4,7,7,4,4,2,3,3,4,0,2,1,6,3,3,3,0,2,0,2,4,4,2,2,1,4,3,2,1,2,1,1,9,2,5,4,3,2,2,3,0,2,3,1,1,2,0,0,0,0,0,1,2,1,1,3,1,0,0,0,1,2,1,1,0,0,1,0,1,1,0,1,3,1,0,1,1,0,0,0,0,0,0,0,0,0,0,0,0,0,1,0,1,1,1,1,0,0,0,0,0,0,1,0,0,0,0,0,0,1,0,0,0,0,1,1,0,0,0,0,1,0,0,0,0,0,0,0,1,0,1,0,0,0,0,0,2,0,0,0,0,0,0,0,0,0,0,0,0,0,0,1,0,0,0,0,0,0,0,0,0,0,0,0,0,0,0,0,0,0,0,0,0,0,0,1,1,1,0,0,1,0,0,0,0,0,0,0,0,0,0,0,0,0,0,0,0,0,0,0,0,0,0,1,0,0,0,0,0,0,0,0,0,0,0,0,0,0,0,0,0,0,0,0,0,0,0,0,0,0,0,0,0,0,0,0,0,0,0,0,0,0,0,0,0,0,0,0,0,1,0,1,0,0,0,0,0,0,0,0,0,0,0,0,0,0,0,0,0,0,0,0,0,0,0,0,0,0,1,0,0,0,0,0,0,0,0,0,0,0,0,0,0,0,1,0,0,0,0,0,0,0,0,0,0,0,0,0,0,0,0,1,0,0,0,0,0,0,0,0,0,0,0,0,0,0,0,0,0,0,0,0,0,0,0,0,0,0,0,0,0,0,0,0,0,0,0,0,0,0,0,0,0,0,0,0,0,0,0,0,0,0,0,0,0,0,0,1,0,0,0,0,0,0,0,0,0,0,0,0,1,0,0,0,0,0,0,0,0,0,0,0,0,0,0,0,0,0,0,1,0,0,0,0,0,0,0,0,0,0,0,0,0,0,0,0,0,0,0,0,0,0,0,0,0,0,0,0,0,0,0,0,0,0,0,0,0,0,0,0,0,0,0,0,0,0,0,0,0,0,0,0,0,0,0,0,0,0,0,0,0,0,0,0,0,0,0,0,0,0,0,0,0,0,0,1,0,0,0,0,0,0,0,0,0,0,0,0,0,0,0,0,0,0,0,0,0,0,0,0,0,0,0,0,0,0,0,0,0,0,1,0,0,0,0,0,0,0,0,0,0,0,0,0,0,0,0,0,0,0,0,0,0,0,0,0,0,0,0,0,0,0,0,0,0,0,0,0,0,0,0,0,0,0,0,0,0,0,0,0,0,0,0,0,0,0,0,0,0,0,0,0,0,0,0,0,0,0,0,0,0,0,0,0,0,0,0,0,0,0,0,0,0,0,0,0,0,0,0,0,0,0,0,0,0,0,0,0,0,0,0,0,0,0,0,0,0,0,0,0,0,0,0,0,0,0,0,0,0,0,0,0,0,0,0,0,0,0,0,0,0,0,0,0,0,0,0,0,0,0,0,0,0,0,0,0,0,0,0,0,0,0,0,0,0,0,0,0,0,0,0,0,0,0,0,0,0,0,0,0,0,0,0,0,0,0,0,0,0,0,0,0,0,0,0,0,0,0,0,0,0,0,0,0,0,0,0,0,0,0,0,0,0,0,0,0,0,0,0,0,0,0,0,0,0,0,0,0,0,0,0,0,0,0,0,0,0,0,0,1,0,0,0,0,0,0,0,0,0,0,0,0,0,0,0,0,0,0,0,0,0,0,0,0,0,0,0,0,0,0,0,0,0,0,0,0,0,0,0,0,0,0,0,0,0,0,0,0,0,0,0,0,0,0,0,0,0,0,0,0,0,0,0,0,0,0,0,0,0,0,0,0,0,0,0,0,0,0,0,0,0,0,0,0,0,0,0,0,0,0,0,0,0,0,0,0,0,0,0,0,0,0,0,0,0,0,0,0,0,0,0,0,0,0,0,0,0,0,0,0,0,0,0,0,0,0,1,
26,0.005594,0.021030,1.019456,0.994049,2.691895,2.670865,0.053311,0.063091,18.346031,47.550137, , , ,0,0,0,0,0,0,0,0,0,0,0,0,0,0,0,0,0,0,0,2,1,0,0,0,0,0,0,0,0,0,0,0,0,0,0,0,0,0,0,2,0,0,0,0,0,0,0,0,0,0,0,0,0,0,0,0,1,2,0,0,0,0,0,0,0,0,0,0,0,0,0,0,0,0,0,0,0,1,0,0,0,0,1,0,0,0,0,0,0,0,0,0,0,0,0,0,0,1,1,0,1,0,0,1,0,1,1,0,0,1,0,0,0,0,0,0,1,0,0,0,0,0,0,0,1,0,0,1,0,0,0,2,1,1,0,0,0,0,0,1,0,1,1,0,0,0,0,0,0,0,0,0,0,0,0,0,0,0,1,0,1,0,0,2,0,0,0,0,0,0,0,2,0,0,0,0,0,0,0,0,1,0,0,2,0,1,1,0,0,0,2,0,0,2,0,0,0,0,2,0,0,0,0,0,0,0,0,2,0,1,0,0,0,0,0,0,1,0,1,0,0,0,0,1,0,0,0,0,0,2,0,0,0,0,1,0,0,0,0,0,0,0,0,1,0,1,0,1,0,0,1,0,2,0,0,0,0,0,1,0,0,1,0,0,0,0,2,1,0,1,0,0,0,0,0,0,1,0,0,0,0,0,0,0,0,0,0,0,1,0,0,1,0,1,1,0,0,0,0,1,1,1,0,1,1,0,0,0,0,0,0,2,0,0,0,0,0,0,0,1,1,0,1,2,0,1,1,1,0,0,0,1,0,1,0,0,0,1,0,0,0,0,1,1,0,0,0,0,1,0,1,0,0,0,1,0,1,0,1,0,1,2,0,0,0,1,0,0,0,0,0,0,0,1,1,1,1,0,0,1,0,1,0,0,1,0,2,0,0,1,0,1,0,0,1,0,0,0,0,0,1,2,1,0,0,0,0,1,0,1,0,0,2,1,1,0,0,0,0,0,0,0,0,0,0,0,0,1,0,0,0,1,1,0,0,1,0,2,0,1,1,1,0,0,0,2,0,0,1,0,0,0,0,0,0,0,0,1,0,0,0,0,1,0,0,0,0,0,0,0,0,0,1,0,0,0,0,0,0,1,0,0,2,0,0,0,0,2,0,0,0,0,0,0,1,0,0,0,0,0,0,0,0,0,0,0,0,0,0,0,0,0,0,0,0,0,1,0,0,2,0,0,1,1,0,1,0,1,0,0,0,1,0,0,0,0,0,0,0,0,0,0,1,0,0,0,0,0,1,0,0,0,0,1,1,0,0,1,0,0,0,0,0,0,0,1,0,1,0,0,0,0,0,1,0,0,1,0,0,0,0,0,0,0,0,1,0,0,0,0,0,1,1,0,0,0,1,2,2,0,0,0,0,0,0,0,0,0,0,0,0,0,0,0,0,0,1,0,0,0,0,0,0,0,0,0,1,0,0,0,0,0,0,0,0,0,0,0,0,0,0,0,0,0,0,0,0,0,0,0,1,0,2,0,1,0,0,0,0,0,0,0,1,0,0,0,0,0,0,1,0,0,0,0,0,0,0,0,0,0,0,0,0,0,0,0,0,0,0,0,1,0,0,0,0,0,0,0,0,0,0,0,0,1,0,0,1,0,0,0,0,0,0,0,1,0,0,0,0,1,1,1,0,0,0,0,0,0,0,0,0,0,1,0,0,0,0,0,0,0,0,0,0,0,0,0,0,0,0,0,0,0,1,1,0,0,0,0,0,0,0,0,0,0,0,0,0,1,0,0,0,0,0,0,0,0,0,0,0,0,0,0,0,0,0,0,0,0,0,0,0,0,0,0,0,0,0,0,0,0,0,0,0,1,0,0,0,0,0,0,0,0,0,0,0,0,0,0,0,0,0,0,0,0,0,0,0,0,0,0,0,0,0,0,0,0,0,0,0,0,0,0,0,0,0,0,0,0,0,0,0,0,0,0,0,0,0,0,0,0,0,0,0,0,0,0,0,0,0,0,0,0,0,0,0,0,0,0,0,0,0,0,0,0,0,0,0,1,0,0,0,0,0,0,0,0,0,0,0,0,0,0,0,0,0,0,0,0,0,0,0,0,0,0,0,1,0,0,0,0,0,0,0,0,0,0,0,0,0,0,0,0,0,0,0,0,0,0,0,0,0,0,0,0,0,0,0,1,0,0,0,0,0,0,0,0,0,0,0,0,0,0,0,0,0,0,0,0,0,0,0,0,0,0,0,0,0,0,0,0,0,0,0,0,0,0,1,0,0,0,0,0,0,0,0,0,0,0,0,1,
26,0.002023,0.004050,0.012610,6.663581,1.036885,1.036885,-0.020252,-0.024302,19.998880,123.446678, , , ,25192,24193,23550,22307,20948,19475,17657,16098,14659,13407,12114,10777,9477,8812,7738,7203,6355,5682,5150,4698,4080,3681,3487,3292,2971,2620,2464,2264,2119,1974,1787,1630,1562,1371,1273,1255,1128,1015,978,892,816,782,722,687,684,604,555,499,472,452,417,378,361,317,314,300,306,249,289,254,231,230,220,181,183,187,161,172,155,163,133,119,125,120,113,95,94,74,90,81,79,76,80,61,62,50,61,56,47,61,47,44,36,51,38,35,32,43,35,36,28,27,34,37,35,33,20,21,15,18,28,19,17,18,15,8,14,14,13,9,11,16,18,9,14,14,13,10,14,8,14,11,8,4,5,9,10,10,9,8,5,4,5,8,12,10,7,5,7,8,4,6,6,4,4,4,7,2,4,6,4,2,1,4,0,4,1,1,3,4,7,1,5,2,4,4,3,3,1,3,3,1,2,0,2,3,1,3,5,1,3,2,1,2,4,3,1,3,1,1,1,2,2,1,4,2,0,3,2,2,3,0,0,3,2,2,2,0,2,4,1,1,1,1,0,0,1,1,0,1,1,1,1,3,1,2,0,0,1,1,1,1,0,1,1,0,2,1,1,0,1,2,1,0,1,1,2,0,1,2,2,0,1,2,1,1,0,2,2,0,0,1,2,2,1,1,2,0,1,2,0,0,2,2,0,0,0,0,0,0,0,0,0,1,0,0,0,1,1,1,2,1,1,0,1,0,0,0,0,1,0,0,0,1,0,1,0,1,0,0,1,0,0,0,0,1,1,1,0,0,0,3,0,0,0,0,0,0,0,0,0,1,1,1,2,0,0,0,1,1,0,0,0,0,0,0,0,0,0,0,0,0,0,0,0,0,1,0,1,0,0,0,1,1,0,1,0,1,0,0,0,0,1,1,0,0,0,0,0,0,0,0,3,0,0,1,0,0,0,0,0,0,2,2,0,0,1,0,0,0,0,0,0,0,0,0,0,0,0,0,0,0,0,0,0,0,1,0,1,0,0,0,0,0,0,0,0,0,0,0,0,0,0,0,0,0,0,0,0,0,0,0,0,0,0,0,0,0,0,1,0,0,0,1,0,0,0,0,0,0,0,1,0,0,0,0,0,0,0,0,1,0,0,0,0,0,0,0,0,0,0,0,0,0,0,0,0,0,0,0,0,1,0,0,0,0,0,0,1,0,0,0,0,0,0,0,0,0,0,0,1,0,0,0,0,0,0,0,0,0,0,0,0,0,0,0,0,0,0,0,0,0,0,0,0,0,0,0,0,0,0,0,0,0,0,0,1,0,1,0,0,0,0,0,0,0,0,0,0,0,0,0,1,0,0,0,0,0,0,0,0,0,0,0,0,1,0,0,0,0,0,0,0,0,0,0,0,0,0,0,0,0,0,0,0,0,0,0,0,0,0,0,1,0,1,0,0,0,0,0,0,0,0,0,0,0,0,0,0,0,0,0,0,0,0,0,0,0,0,0,0,0,0,0,1,0,0,0,0,0,0,0,0,0,0,0,0,0,0,0,0,0,0,0,0,0,0,1,1,0,0,0,0,0,0,0,0,0,0,0,0,0,0,0,0,0,0,1,0,0,0,0,0,0,0,0,0,0,0,0,0,0,0,0,0,0,0,0,0,1,0,0,0,0,0,0,0,0,0,0,0,0,0,0,0,0,0,0,1,0,0,0,0,0,0,0,0,0,0,0,0,0,0,0,0,0,0,0,0,1,0,0,0,0,0,0,0,0,0,0,0,0,0,0,0,0,0,0,0,0,0,0,0,0,0,0,0,0,1,0,0,0,0,0,0,0,0,0,0,0,0,0,0,0,0,0,0,0,0,0,1,0,0,0,0,0,0,0,0,0,0,0,0,0,0,0,0,0,0,0,0,0,0,0,0,0,0,0,0,0,0,0,0,0,0,0,0,0,0,0,0,0,0,0,0,0,0,0,0,0,0,0,0,0,0,0,0,0,0,0,0,0,0,0,0,0,0,0,0,0,0,0,0,0,0,0,0,0,0,0,0,1,0,0,0,0,0,0,0,0,0,0,0,0,0,0,0,0,0,0,0,0,0,0,0,0,0,0,0,0,0,0,0,0,0,0,0,0,0,0,0,0,0,0,0,0,0,0,0,0,0,0,0,0,0,0,0,0,0,0,0,0,0,0,0,0,0,0,0,0,0,0,0,0,0,0,0,0,0,0,0,0,0,0,0,0,0,0,0,0,0,0,0,0,0,0,0,0,0,0,0,0,0,0,0,0,0,0,0,0,0,0,0,0,0,0,0,0,0,1,
33,0.000451,0.001745,0.039676,3.248548,0.223340,0.221595,-0.004419,-0.005235,18.460312,573.117798, , , ,0,0,0,2,0,2,0,0,0,1,0,0,0,1,0,0,3,0,0,2,1,1,0,0,1,2,2,0,1,1,0,0,3,0,0,2,1,1,0,0,1,1,0,0,1,1,1,0,0,0,0,0,0,0,0,0,0,0,0,0,1,0,0,0,0,1,0,0,0,0,0,0,0,0,0,0,0,1,0,1,0,0,0,0,0,0,0,0,0,0,0,0,0,0,0,1,0,0,0,0,0,0,0,0,0,0,0,0,0,0,0,0,0,1,0,1,0,0,0,0,0,0,0,0,0,0,0,0,0,0,1,0,0,0,0,0,0,0,1,1,0,1,1,1,0,0,0,0,0,1,0,0,0,0,1,1,0,0,0,0,0,0,1,0,0,0,0,0,0,1,0,0,1,0,0,0,0,0,0,0,0,0,0,0,0,0,0,0,0,0,0,0,1,0,0,1,0,0,0,0,0,0,0,0,0,0,0,0,0,0,0,0,0,0,0,0,0,0,0,0,0,0,0,0,1,0,0,0,0,0,0,0,0,0,0,0,0,0,0,0,0,0,0,0,0,0,0,0,0,0,0,0,0,0,0,0,0,0,0,0,0,0,0,0,1,0,0,0,1,0,0,0,0,0,0,0,0,0,1,0,0,0,0,0,0,0,0,0,0,0,0,0,0,0,0,0,0,0,0,1,0,0,0,0,0,0,0,0,0,0,0,1,0,0,0,0,0,0,0,0,0,0,0,1,0,0,1,0,0,0,0,0,0,0,0,0,0,0,0,0,0,0,0,0,0,0,0,0,0,0,0,0,0,0,0,0,0,0,0,0,0,0,0,0,0,0,0,0,0,0,0,0,0,0,0,0,0,0,0,0,0,0,0,0,0,0,0,0,0,0,0,0,0,0,0,0,0,0,0,0,0,0,0,0,0,0,0,1,0,0,0,0,0,0,0,0,0,0,0,0,0,0,0,0,0,0,0,0,1,0,0,0,0,0,0,0,0,0,0,0,0,0,0,0,0,0,0,0,0,1,0,0,0,0,0,0,0,0,0,0,0,0,0,0,0,0,0,0,0,1,0,0,0,0,0,1,0,0,0,0,0,0,0,0,0,0,0,0,0,0,0,0,0,0,0,0,0,0,0,0,0,0,1,0,0,0,0,0,0,0,0,0,0,0,0,0,0,0,0,0,0,0,0,0,0,0,0,0,0,0,0,0,0,0,0,0,0,0,0,0,0,0,0,0,0,0,0,0,0,0,0,0,0,0,0,0,0,0,0,0,0,0,0,0,0,0,0,0,0,0,0,0,0,0,0,0,0,0,0,0,0,0,0,0,0,0,0,0,0,0,0,1,0,0,0,0,0,0,0,0,0,0,0,0,0,0,0,0,0,0,0,0,0,0,0,0,0,0,0,0,0,0,0,0,0,0,0,0,0,0,0,0,0,0,0,0,0,0,0,0,0,0,0,0,0,0,0,0,0,0,0,0,0,0,0,0,0,0,0,0,0,0,0,0,0,0,0,0,0,0,0,0,0,0,0,0,0,0,0,0,0,0,0,0,0,0,0,0,0,0,0,0,0,0,0,0,0,0,0,0,0,0,0,0,0,0,0,0,0,0,0,0,0,0,0,0,0,0,0,0,0,0,0,0,0,0,0,0,0,0,0,0,0,0,0,0,0,0,0,0,0,0,0,0,0,0,0,0,0,0,0,0,0,0,0,0,0,0,0,0,0,0,0,0,0,0,0,0,0,0,0,0,0,0,0,0,0,0,0,0,0,0,0,0,0,0,0,0,0,0,0,0,0,0,0,0,1,0,0,0,0,0,0,0,0,0,0,0,0,0,0,0,0,0,0,0,0,0,0,0,0,0,0,0,0,0,0,0,0,0,0,0,0,0,0,0,0,0,0,0,0,0,0,0,0,0,0,0,0,0,0,0,0,0,0,0,0,0,0,0,0,0,0,0,0,0,0,1,0,0,0,0,0,0,0,0,1,0,0,0,0,0,0,0,0,0,0,0,0,0,0,0,0,0,0,0,0,0,0,0,0,0,0,0,0,0,0,0,0,0,0,0,0,0,0,0,0,0,0,0,0,0,0,0,0,0,0,0,0,0,0,0,0,0,0,0,0,0,0,0,0,0,0,0,0,0,0,0,0,0,0,0,0,0,0,0,0,0,0,0,0,0,0,0,0,0,0,0,0,0,0,0,0,0,0,0,0,0,0,0,0,0,0,0,0,0,0,0,0,0,0,0,0,0,0,0,0,0,0,1,
33,0.001689,0.007049,0.028196,4.390588,0.902318,0.895268,0.017628,0.021148,19.967926,141.856888, , , ,1705,1522,1060,878,723,580,525,429,357,314,308,248,228,192,189,185,176,156,108,129,93,101,119,90,110,93,125,83,78,70,76,78,62,69,58,53,46,51,36,37,34,39,45,39,38,37,44,40,22,33,30,36,23,25,32,20,18,28,25,24,35,22,26,18,23,21,15,20,22,40,29,19,23,16,15,10,14,13,17,16,18,22,15,16,15,13,9,8,12,3,9,10,9,9,11,11,13,13,9,1,6,7,11,6,14,9,13,14,10,9,9,11,5,5,6,7,7,7,5,7,10,7,8,5,5,7,8,6,7,5,4,6,5,3,5,7,9,4,6,3,2,6,6,8,6,4,7,6,7,4,6,2,2,1,9,8,0,4,3,7,2,4,5,4,2,1,2,6,5,5,3,5,3,0,3,3,2,4,2,3,1,1,1,3,1,1,3,2,4,4,2,4,4,3,2,3,0,2,5,2,3,3,2,2,4,3,4,4,1,2,3,2,2,1,2,1,3,1,0,5,2,1,2,2,0,1,1,1,2,2,2,2,2,0,3,1,1,1,3,1,3,3,2,2,3,4,0,2,1,0,2,1,0,2,4,2,2,1,1,1,4,0,2,4,0,2,4,0,2,3,1,2,1,1,4,4,3,3,3,3,2,1,0,3,1,0,1,1,1,1,2,0,1,3,0,0,2,3,5,2,1,2,2,4,2,1,2,2,3,1,2,1,1,2,2,0,1,1,1,0,3,2,1,4,1,5,3,0,0,2,0,3,3,1,3,0,2,0,1,0,2,1,0,2,1,1,1,0,2,0,2,0,2,1,0,1,1,2,0,5,2,0,0,4,1,2,1,1,1,3,3,2,6,3,2,3,2,0,1,1,1,1,0,5,0,3,2,1,3,2,2,2,0,2,2,1,1,1,1,1,5,1,1,0,2,1,1,2,2,1,1,2,2,2,0,0,2,2,1,2,0,1,3,3,1,1,1,2,0,2,2,2,2,5,3,1,4,1,1,0,0,2,2,2,2,1,1,1,2,2,2,0,0,0,0,1,1,0,1,1,1,4,0,1,2,2,0,0,0,1,0,0,0,0,1,0,1,0,0,0,1,0,0,2,0,0,0,0,0,1,0,3,0,0,0,1,0,1,0,0,0,0,0,0,0,0,1,0,0,0,1,0,0,0,1,0,1,1,0,0,1,0,2,0,1,1,0,0,0,0,0,1,0,0,0,0,0,0,0,1,0,0,0,0,0,0,0,1,0,0,0,2,0,1,0,2,1,1,0,0,1,1,0,0,0,0,1,0,0,0,1,1,0,0,0,0,1,0,0,0,0,0,0,0,0,0,1,0,0,0,0,1,0,0,0,0,0,0,0,0,0,0,0,0,0,0,1,0,0,3,0,0,0,1,0,1,0,0,0,1,0,0,0,0,0,0,0,0,0,1,0,0,0,1,0,0,2,0,1,1,0,0,1,1,1,0,0,0,0,0,1,0,0,0,1,0,0,0,0,0,0,0,0,0,1,0,0,0,0,2,1,0,0,0,1,0,0,0,0,0,2,0,0,0,0,0,0,1,0,0,0,0,0,0,0,0,0,0,0,0,1,0,0,0,0,0,0,0,0,1,0,0,0,0,0,0,1,0,0,0,0,0,0,0,0,0,0,0,0,0,0,0,0,0,0,0,0,0,0,0,0,0,0,0,0,0,0,0,0,0,0,0,0,0,0,0,0,0,0,0,0,0,0,0,0,1,0,0,0,0,0,0,0,0,0,0,0,0,0,0,0,0,0,0,0,0,0,0,0,0,0,0,0,0,0,0,0,0,0,0,0,0,0,0,0,0,0,0,0,0,0,0,0,0,0,0,0,0,0,0,0,0,0,0,0,0,0,0,0,0,0,0,0,0,0,0,0,0,0,0,0,0,0,0,0,0,0,0,0,0,0,0,0,0,0,0,0,0,0,0,0,0,0,0,0,0,0,0,0,0,0,0,0,0,0,0,0,0,0,0,0,0,0,0,0,0,0,0,0,0,0,0,0,0,0,0,0,0,0,0,0,0,0,0,0,0,0,0,0,0,0,0,0,0,0,0,0,0,0,0,0,0,0,0,0,0,0,0,0,0,0,0,0,0,0,0,0,0,0,0,0,0,0,0,0,0,0,0,0,0,0,0,0,0,0,0,0,0,0,0,0,0,0,0,0,0,0,0,0,0,0,0,0,0,0,0,0,0,0,0,0,0,0,0,0,0,0,0,0,0,0,0,0,0,0,0,0,0,0,1,
34,0.008920,0.017487,4.183724,0.214440,4.480511,4.480511,-4.077950,-4.060463,0.428820,28.568172, , , ,0,0,0,0,0,0,0,0,0,0,0,0,0,0,0,0,0,0,0,0,0,0,0,0,0,0,0,0,0,0,0,0,0,0,0,0,0,0,0,0,0,0,0,0,0,0,0,0,0,0,0,0,0,0,0,0,0,0,0,0,0,0,0,0,0,0,0,0,0,0,0,0,0,0,0,0,0,0,0,0,0,0,0,0,0,0,0,0,0,0,0,0,0,0,0,0,0,0,0,0,0,0,0,0,0,0,0,0,0,0,0,0,0,0,0,0,0,0,0,0,0,0,0,0,0,0,0,0,0,0,0,0,0,0,0,0,0,0,0,0,0,0,0,0,0,0,0,0,0,0,0,0,0,0,0,0,0,0,0,0,0,0,0,0,0,0,0,0,0,0,0,0,0,0,0,0,0,0,0,0,0,0,0,0,0,0,0,0,0,0,0,0,0,0,0,0,0,0,0,0,0,0,0,0,0,0,0,0,0,0,0,0,0,0,0,0,0,0,0,0,0,0,0,0,0,0,0,0,0,0,0,0,0,0,0,0,0,0,0,0,0,0,0,0,0,0,0,0,0,0,0,0,0,0,0,0,0,0,0,0,0,0,0,0,0,0,0,0,0,0,0,0,0,0,0,0,0,0,0,0,0,0,0,0,0,0,0,0,0,0,0,0,0,0,0,0,0,0,0,0,0,0,0,0,0,0,0,0,0,0,0,0,0,0,0,0,0,0,0,0,0,0,0,0,0,0,0,0,0,0,0,0,0,0,0,0,0,0,0,0,0,0,0,0,0,0,0,0,0,0,0,0,0,0,0,0,0,0,0,0,0,0,0,0,0,0,0,0,0,0,0,0,0,0,0,0,0,0,0,0,0,0,0,0,0,0,0,0,0,0,0,0,0,0,0,0,0,0,0,0,0,0,0,0,0,0,0,0,0,0,0,0,0,0,0,0,0,0,0,0,0,0,0,0,0,0,0,0,0,0,0,0,0,0,0,0,0,0,0,0,0,0,0,0,0,0,0,0,0,0,0,0,0,0,0,0,0,0,0,0,0,0,0,0,0,0,0,0,0,0,0,0,0,0,0,0,0,0,0,0,0,0,0,0,0,0,0,0,0,0,0,0,0,0,0,0,0,0,0,0,0,0,0,0,0,0,0,0,0,0,0,0,0,0,0,0,0,0,0,0,0,0,0,0,0,0,0,0,0,0,0,0,0,0,0,0,0,0,0,0,0,0,0,0,0,0,0,0,0,0,0,0,0,0,0,0,0,0,0,0,0,0,0,0,0,0,0,0,0,0,0,0,0,0,0,0,0,0,0,0,0,0,0,0,0,0,0,0,0,0,0,0,0,0,0,0,0,0,0,0,0,0,0,0,0,0,0,0,0,0,0,0,0,0,0,0,0,0,0,0,0,0,0,0,0,0,0,0,0,0,0,0,0,0,0,0,0,0,0,0,0,0,0,0,0,0,0,0,0,0,0,0,0,0,0,0,0,0,0,0,0,0,0,0,0,0,0,0,0,0,0,0,0,0,0,0,0,0,0,0,0,0,0,0,0,0,0,0,0,0,0,0,0,0,0,0,0,0,0,0,0,0,0,0,0,0,0,0,0,0,0,0,0,0,0,0,0,0,0,0,0,0,0,0,0,0,0,0,0,0,0,0,0,0,0,0,0,0,0,0,0,0,0,0,0,0,0,0,0,0,0,0,0,0,0,0,0,0,0,0,0,0,0,0,0,0,0,0,0,0,0,0,0,0,0,0,0,0,0,0,0,0,0,0,0,0,0,0,0,0,0,0,0,0,0,0,0,0,0,0,0,0,0,0,0,0,0,0,0,0,0,0,0,0,0,0,0,0,0,0,0,0,0,0,0,0,0,0,0,0,0,0,0,0,0,0,0,0,0,0,0,0,0,0,0,0,0,0,0,0,0,0,0,0,0,0,0,0,0,0,0,0,0,0,0,0,0,0,0,0,0,0,0,0,0,0,0,0,0,0,0,0,0,0,0,0,0,0,0,0,0,0,0,0,0,0,0,0,0,0,0,0,1,1,2,0,3,2,5,6,7,1,0,1,4,1,2,0,2,2,0,3,2,3,2,0,0,1,1,0,0,0,0,0,0,0,0,0,1,0,0,0,2,1,2,0,1,2,0,2,0,2,0,0,0,0,1,0,0,0,0,1,0,0,0,0,0,0,0,0,0,0,0,0,0,0,1,0,0,0,0,0,0,1,0,0,0,1,0,2,1,1,0,0,0,0,2,2,1,1,
34,0.003487,0.007007,0.076361,4.708799,1.793929,1.793929,-0.035043,-0.042045,19.982485,71.351761, , , ,321,338,310,335,322,325,333,331,306,334,311,338,337,318,315,317,296,277,292,263,275,242,230,237,221,203,227,175,198,206,186,190,166,183,178,164,164,177,148,117,125,130,115,132,121,122,118,98,121,104,101,91,93,103,92,94,90,86,75,62,66,77,87,82,70,56,55,72,45,47,68,66,53,65,40,48,43,60,39,39,34,24,48,31,29,41,26,33,32,25,29,36,17,24,34,28,23,27,23,20,23,11,19,11,12,17,19,20,9,23,14,17,8,12,14,13,20,11,21,14,11,10,10,10,20,14,11,8,9,14,8,8,10,16,14,6,3,8,13,13,8,11,12,6,8,6,8,8,10,8,8,10,6,6,7,7,8,3,8,10,4,3,8,9,6,7,7,11,8,3,10,8,3,8,3,1,9,3,6,7,7,2,5,2,8,7,4,4,7,4,1,4,7,4,2,2,3,4,4,2,6,4,5,5,1,5,3,5,2,5,8,1,4,8,3,3,5,2,4,2,2,3,6,1,5,2,1,5,3,2,3,1,5,1,2,2,3,5,8,2,2,4,3,2,2,1,5,5,4,3,3,3,3,2,3,2,2,6,2,4,4,3,0,2,2,7,1,4,1,1,3,3,5,2,7,3,2,0,2,4,3,1,3,1,2,1,3,3,2,0,0,3,5,0,2,2,3,1,0,1,2,2,1,5,3,2,2,1,2,2,2,2,1,3,4,2,3,0,1,0,1,2,1,1,0,0,0,0,0,1,1,2,1,1,1,0,0,3,2,0,3,1,0,1,1,2,2,0,3,2,0,3,1,0,2,1,0,1,2,2,1,3,2,1,1,1,0,1,0,0,0,2,0,1,1,0,0,1,0,0,4,0,0,0,0,2,0,0,1,1,0,1,0,1,1,0,1,0,0,0,0,0,1,2,0,0,0,0,1,0,0,0,0,0,0,0,0,0,0,0,2,0,0,0,1,0,2,1,0,1,0,0,0,0,0,0,0,0,2,0,0,0,0,0,0,1,0,0,0,0,0,0,0,1,0,0,0,0,0,0,0,0,0,0,0,0,0,0,0,0,0,0,0,0,0,0,0,0,0,0,0,0,0,0,0,0,0,0,0,0,0,0,0,0,0,0,0,0,0,0,0,0,0,0,0,0,0,0,0,0,0,0,0,0,0,0,0,0,0,0,0,0,0,0,0,0,0,0,0,0,0,0,0,0,0,0,0,0,0,0,0,0,0,0,0,0,0,0,0,0,0,0,1,0,0,0,0,0,1,0,1,0,0,0,0,0,0,0,0,0,0,0,0,0,0,0,0,0,0,0,0,0,0,0,0,0,0,0,0,0,0,0,0,0,0,0,0,0,0,0,0,0,0,0,0,0,0,0,1,0,0,0,0,0,0,0,0,0,0,0,0,0,0,0,0,0,0,0,0,0,0,0,0,0,0,0,0,0,0,0,0,0,0,0,0,0,0,0,0,1,0,0,0,0,0,0,0,0,0,0,0,0,0,0,0,0,1,0,0,0,0,0,0,0,0,0,0,0,0,0,0,0,0,0,0,0,0,0,0,0,0,0,0,0,0,0,0,0,0,0,0,0,0,0,0,0,0,0,0,0,0,0,0,0,0,0,0,0,0,0,0,0,0,0,0,0,0,0,0,0,0,0,0,0,0,0,0,0,0,0,0,0,0,0,0,0,0,0,0,0,0,0,0,0,0,0,0,0,0,0,0,0,0,0,0,0,0,0,0,0,0,0,0,0,0,0,0,0,0,0,0,0,0,0,0,0,0,0,0,0,0,0,0,0,0,0,0,0,0,0,0,0,0,0,0,0,0,0,0,0,0,0,0,0,1,0,0,0,0,0,0,0,0,0,0,0,0,0,0,0,0,0,0,0,0,0,0,0,0,0,0,0,0,0,0,0,0,0,0,0,0,0,0,0,0,0,0,0,0,0,0,0,0,0,0,0,0,0,0,0,0,0,0,0,0,0,0,0,0,0,0,0,0,0,0,0,0,0,0,0,0,0,0,0,0,0,0,0,0,0,0,0,0,0,0,0,0,0,0,0,0,0,0,0,0,0,0,0,0,0,0,0,0,0,0,0,0,0,0,0,0,0,0,0,0,0,0,0,0,0,0,0,0,0,0,0,0,0,0,0,0,0,0,0,0,0,0,0,0,0,0,0,0,0,0,0,0,0,0,0,0,0,0,0,0,0,0,0,0,0,0,0,0,0,0,0,0,0,0,0,0,0,0,0,0,0,0,0,0,1,
35,0.000020,0.000083,0.004731,0.517311,0.010937,0.010937,0.001014,0.001025,1.084330,11703.434570, , , ,0,0,0,0,0,0,0,0,0,0,0,0,0,0,0,0,0,0,0,0,0,0,0,0,0,0,0,0,0,0,0,0,0,0,0,0,0,0,0,0,0,0,0,0,0,0,0,0,0,0,0,0,0,0,0,0,0,0,0,0,0,0,0,0,0,0,0,0,0,0,0,0,0,0,0,0,0,0,0,0,0,0,0,0,0,0,0,0,0,0,0,0,2,0,0,0,0,0,0,0,0,0,0,0,0,0,0,0,0,0,0,0,0,0,0,0,0,0,0,0,0,0,0,0,0,0,0,0,0,0,0,0,0,0,0,0,0,0,0,0,0,0,0,0,0,0,0,0,0,0,0,0,0,0,0,0,0,0,0,0,0,0,2,0,0,0,0,0,0,0,0,0,0,0,0,0,0,0,0,0,0,0,0,0,0,0,0,0,0,0,0,0,0,0,0,0,0,0,0,0,0,0,0,0,0,0,0,0,0,0,0,0,0,0,0,0,0,0,0,0,0,0,0,0,0,0,0,0,0,0,0,0,0,0,0,0,0,0,0,0,0,0,0,0,0,0,0,0,0,0,0,0,0,0,0,0,0,1,1,0,0,0,0,0,0,0,0,0,0,0,0,0,0,0,0,0,0,0,0,0,0,0,0,0,0,0,0,0,0,0,0,0,0,0,0,0,0,0,0,0,0,0,0,0,0,0,0,0,0,0,0,0,0,0,0,0,0,0,0,0,0,0,0,0,0,0,0,0,0,0,0,0,0,0,0,0,0,0,0,0,0,0,0,0,0,0,0,0,0,0,0,0,0,0,0,0,0,0,0,0,0,0,0,0,0,0,0,0,0,0,0,0,0,0,0,0,0,0,0,0,0,2,0,0,0,0,0,0,0,0,0,0,0,0,0,0,0,0,0,0,0,0,0,0,0,0,0,0,0,0,0,0,0,0,0,0,0,0,0,0,0,0,0,0,0,0,0,0,0,0,0,0,0,0,0,0,0,0,0,0,0,0,0,0,0,0,0,0,0,0,0,0,0,0,0,0,0,0,0,0,0,0,0,0,0,0,0,0,0,0,0,1,1,0,0,0,1,1,0,0,0,0,0,0,0,0,0,0,0,0,0,0,0,0,0,0,0,0,0,0,0,0,0,0,0,0,0,0,0,0,0,0,0,0,0,0,0,0,0,0,0,0,0,0,0,0,0,0,0,0,0,0,0,0,0,0,0,0,0,0,0,0,0,0,0,0,0,0,0,0,0,0,0,0,0,0,0,0,0,0,0,0,0,0,0,0,0,0,0,0,0,0,0,0,0,0,0,0,0,0,0,0,0,0,0,0,0,0,0,0,0,0,0,0,0,0,0,0,0,0,0,0,0,0,0,0,0,0,0,0,0,0,0,0,2,0,0,0,0,0,0,0,0,0,0,0,0,0,0,0,0,0,0,0,0,0,0,0,0,0,0,0,0,0,0,0,0,0,0,0,0,0,0,0,0,0,0,0,0,0,0,0,0,0,0,0,0,0,0,0,0,0,0,0,0,0,0,0,0,0,0,0,0,0,0,0,0,0,0,0,0,0,0,0,0,0,0,0,0,0,0,0,0,0,0,0,0,0,0,0,0,0,0,0,0,0,0,0,0,0,0,0,0,0,0,0,0,0,0,0,0,0,0,0,0,0,0,0,0,0,0,0,0,0,0,0,0,0,0,0,0,0,0,0,0,0,0,0,0,0,0,0,0,0,0,0,0,0,0,0,0,0,0,0,0,0,0,0,0,0,0,0,0,0,0,0,0,0,0,0,0,0,0,0,0,0,0,0,0,0,0,0,0,0,0,0,0,0,0,0,0,0,0,0,0,0,0,0,0,0,0,0,0,0,0,0,0,0,0,0,0,0,0,0,0,0,0,0,0,0,0,0,0,0,0,0,0,0,0,0,0,0,0,0,0,0,0,0,0,0,0,0,0,0,0,0,0,0,0,0,0,0,0,0,0,0,0,0,0,0,0,0,0,0,0,0,0,0,0,0,0,0,0,0,0,0,0,0,0,0,0,0,0,0,0,0,0,0,0,0,0,0,0,0,0,0,0,0,0,0,0,0,0,0,0,0,0,0,0,0,0,0,0,0,0,0,0,0,0,0,0,0,0,0,0,0,0,0,0,0,0,0,0,0,0,0,0,0,0,0,0,0,0,0,0,0,0,0,0,0,0,0,0,0,0,0,0,0,0,0,0,0,0,0,0,0,0,0,0,0,0,0,0,0,0,0,0,0,1,1,
35,0.001514,0.005966,0.051306,4.024476,0.763589,0.757624,-0.014928,-0.017897,19.888060,167.629410, , , ,47,61,52,53,56,34,55,43,36,31,39,56,43,55,48,36,38,39,42,40,42,37,43,43,36,40,39,31,35,30,36,29,31,31,37,28,33,34,25,29,23,21,31,40,17,26,26,28,28,28,24,25,28,22,21,22,16,21,24,22,30,18,19,20,18,18,17,17,17,18,18,17,14,13,18,15,12,12,14,7,11,18,9,10,13,11,7,12,8,10,9,6,7,11,11,10,5,13,7,7,5,5,7,12,3,3,8,4,8,3,4,7,5,6,2,4,4,3,2,7,6,3,4,7,6,4,3,2,3,7,4,4,5,3,4,3,1,0,2,4,2,4,8,3,1,3,4,5,2,3,5,3,2,1,4,0,4,0,1,2,0,1,0,2,2,2,2,0,2,1,6,2,2,1,1,1,1,4,1,1,0,1,1,1,0,1,0,0,0,1,1,0,1,0,1,0,0,1,1,1,1,0,0,0,0,1,1,0,0,2,3,0,2,0,2,0,2,2,2,0,0,1,3,2,0,0,0,1,0,0,0,0,0,1,1,0,1,1,2,0,1,0,0,0,0,0,1,0,0,1,1,1,1,1,1,0,0,1,0,0,1,0,0,0,0,2,2,0,0,0,0,0,0,0,1,0,0,0,0,0,0,0,0,0,1,0,1,0,0,0,2,0,1,0,0,1,1,0,2,0,0,1,0,0,0,1,0,0,0,0,0,1,0,0,1,1,1,1,1,1,0,1,0,1,0,0,0,1,0,2,0,0,0,0,0,0,0,0,0,0,0,0,2,0,1,1,2,1,0,0,0,0,0,0,2,0,0,0,1,1,0,0,0,0,0,0,0,0,0,0,0,1,1,0,1,0,0,0,0,0,0,0,2,0,0,0,0,0,0,1,0,0,0,0,3,0,1,0,0,0,1,0,0,0,3,0,1,0,0,2,0,0,1,0,3,1,0,0,0,0,0,0,2,0,1,0,0,1,2,0,0,0,1,0,0,1,0,0,0,0,0,1,2,0,1,1,0,0,2,0,2,1,0,1,0,1,1,1,1,1,0,0,0,1,0,0,0,0,1,0,0,0,0,0,0,0,1,0,0,1,1,1,3,0,0,1,1,0,1,1,0,0,2,0,0,0,1,1,0,0,0,0,1,0,0,0,0,0,0,0,0,0,0,1,0,0,1,0,0,0,1,0,1,0,0,0,0,0,0,0,0,0,0,0,0,0,0,0,0,0,0,0,0,0,1,0,0,0,0,0,1,0,0,0,0,0,0,0,0,1,1,0,0,0,0,0,1,1,0,0,0,0,0,0,0,2,0,0,2,0,1,0,0,1,0,0,0,0,0,0,0,0,0,1,0,0,0,0,0,0,0,0,0,0,0,0,0,0,0,0,1,0,0,0,0,0,0,0,0,0,0,0,0,0,0,0,0,0,0,0,0,0,0,0,0,0,0,0,0,0,2,0,0,1,0,0,0,0,0,0,0,0,0,0,0,0,0,0,0,0,0,0,0,0,0,0,0,0,0,0,0,0,0,0,0,1,0,0,0,0,0,0,0,0,0,0,0,0,0,0,0,0,0,0,0,0,0,0,0,0,0,0,0,0,1,0,0,0,0,0,0,0,0,0,0,0,0,0,0,0,0,0,0,1,0,0,0,0,0,1,0,0,0,0,0,0,0,0,1,0,0,0,0,0,0,0,0,0,0,0,0,0,0,0,0,0,0,0,0,0,0,0,0,0,0,0,0,0,0,0,0,0,0,0,0,0,0,0,0,0,0,0,0,0,0,0,0,0,0,0,0,0,0,0,0,0,1,0,0,0,0,0,0,0,0,0,1,0,0,0,0,0,0,0,0,0,0,0,1,0,0,0,1,0,0,0,0,1,0,0,0,0,0,0,0,0,0,0,0,1,0,0,0,0,0,0,0,0,0,0,0,0,0,0,0,0,0,0,0,0,0,0,0,0,0,0,0,0,0,0,0,0,0,0,0,0,0,0,0,0,0,0,0,0,0,0,0,0,0,0,0,0,0,0,0,0,0,0,0,0,0,0,0,0,1,0,0,0,0,0,0,0,0,0,0,0,0,0,0,0,1,0,0,0,0,0,0,0,0,0,0,0,0,0,0,0,0,0,0,0,0,0,0,0,0,0,0,0,0,0,0,0,0,0,0,0,0,0,0,0,0,0,0,0,0,0,1,0,0,0,0,0,0,0,0,1,0,0,0,0,0,0,1,0,0,0,0,0,0,0,0,0,0,0,0,0,0,0,0,1,
57,0.000000,0.000000,0.000000,-1.000000,0.000000,0.000000,0.000000,-0.000000,0.000000,-1.000000, , , ,1,0,0,0,0,0,0,0,0,0,0,0,0,0,0,0,0,0,0,0,0,0,0,0,0,0,0,0,0,0,0,0,0,0,0,0,0,0,0,0,0,0,0,0,0,0,0,0,0,0,0,0,0,0,0,0,0,0,0,0,0,0,0,0,0,0,0,0,0,0,0,0,0,0,0,0,0,0,0,0,0,0,0,0,0,0,0,0,0,0,0,0,0,0,0,0,0,0,0,0,0,0,0,0,0,0,0,0,0,0,0,0,0,0,0,0,0,0,0,0,0,0,0,0,0,0,0,0,0,0,0,0,0,0,0,0,0,0,0,0,0,0,0,0,0,0,0,0,0,0,0,0,0,0,0,0,0,0,0,0,0,0,0,0,0,0,0,0,0,0,0,0,0,0,0,0,0,0,0,0,0,0,0,0,0,0,0,0,0,0,0,0,0,0,0,0,0,0,0,0,0,0,0,0,0,0,0,0,0,0,0,0,0,0,0,0,0,0,0,0,0,0,0,0,0,0,0,0,0,0,0,0,0,0,0,0,0,0,0,0,0,0,0,0,0,0,0,0,0,0,0,0,0,0,0,0,0,0,0,0,0,0,0,0,0,0,0,0,0,0,0,0,0,0,0,0,0,0,0,0,0,0,0,0,0,0,0,0,0,0,0,0,0,0,0,0,0,0,0,0,0,0,0,0,0,0,0,0,0,0,0,0,0,0,0,0,0,0,0,0,0,0,0,0,0,0,0,0,0,0,0,0,0,0,0,0,0,0,0,0,0,0,0,0,0,0,0,0,0,0,0,0,0,0,0,0,0,0,0,0,0,0,0,0,0,0,0,0,0,0,0,0,0,0,0,0,0,0,0,0,0,0,0,0,0,0,0,0,0,0,0,0,0,0,0,0,0,0,0,0,0,0,0,0,0,0,0,0,0,0,0,0,0,0,0,0,0,0,0,0,0,0,0,0,0,0,0,0,0,0,0,0,0,0,0,0,0,0,0,0,0,0,0,0,0,0,0,0,0,0,0,0,0,0,0,0,0,0,0,0,0,0,0,0,0,0,0,0,0,0,0,0,0,0,0,0,0,0,0,0,0,0,0,0,0,0,0,0,0,0,0,0,0,0,0,0,0,0,0,0,0,0,0,0,0,0,0,0,0,0,0,0,0,0,0,0,0,0,0,0,0,0,0,0,0,0,0,0,0,0,0,0,0,0,0,0,0,0,0,0,0,0,0,0,0,0,0,0,0,0,0,0,0,0,0,0,0,0,0,0,0,0,0,0,0,0,0,0,0,0,0,0,0,0,0,0,0,0,0,0,0,0,0,0,0,0,0,0,0,0,0,0,0,0,0,0,0,0,0,0,0,0,0,0,0,0,0,0,0,0,0,0,0,0,0,0,0,0,0,0,0,0,0,0,0,0,0,0,0,0,0,0,0,0,0,0,0,0,0,0,0,0,0,0,0,0,0,0,0,0,0,0,0,0,0,0,0,0,0,0,0,0,0,0,0,0,0,0,0,0,0,0,0,0,0,0,0,0,0,0,0,0,0,0,0,0,0,0,0,0,0,0,0,0,0,0,0,0,0,0,0,0,0,0,0,0,0,0,0,0,0,0,0,0,0,0,0,0,0,0,0,0,0,0,0,0,0,0,0,0,0,0,0,0,0,0,0,0,0,0,0,0,0,0,0,0,0,0,0,0,0,0,0,0,0,0,0,0,0,0,0,0,0,0,0,0,0,0,0,0,0,0,0,0,0,0,0,0,0,0,0,0,0,0,0,0,0,0,0,0,0,0,0,0,0,0,0,0,0,0,0,0,0,0,0,0,0,0,0,0,0,0,0,0,0,0,0,0,0,0,0,0,0,0,0,0,0,0,0,0,0,0,0,0,0,0,0,0,0,0,0,0,0,0,0,0,0,0,0,0,0,0,0,0,0,0,0,0,0,0,0,0,0,0,0,0,0,0,0,0,0,0,0,0,0,0,0,0,0,0,0,0,0,0,0,0,0,0,0,0,0,0,0,0,0,0,0,0,0,0,0,0,0,0,0,0,0,0,0,0,0,0,0,0,0,0,0,0,0,0,0,0,0,0,0,0,0,0,0,0,0,0,0,0,0,0,0,0,0,0,0,0,0,0,0,0,0,0,0,0,0,0,0,0,0,0,0,0,0,0,0,0,0,0,0,0,0,0,0,0,0,0,0,0,0,0,0,0,0,0,0,0,0,0,0,0,0,0,0,0,0,0,0,0,0,0,0,0,0,0,
57,0.007812,0.007812,1.000000,0.781250,1.000000,0.992188,1.000000,0.992188,0.781250,128.000000, , , ,0,0,0,0,0,0,0,0,0,0,0,0,0,0,0,0,0,0,0,0,0,0,0,0,0,0,0,0,0,0,0,0,0,0,0,0,0,0,0,0,0,0,0,0,0,0,0,0,0,0,0,0,0,0,0,0,0,0,0,0,0,0,0,0,0,0,0,0,0,0,0,0,0,0,0,0,0,0,0,0,0,0,0,0,0,0,0,0,0,0,0,0,0,0,0,0,0,0,0,0,0,0,0,0,0,0,0,0,0,0,0,0,0,0,0,0,0,0,0,0,0,0,0,0,0,0,0,0,0,0,0,0,0,0,0,0,0,0,0,0,0,0,0,0,0,0,0,0,0,0,0,0,0,0,0,0,0,0,0,0,0,0,0,0,0,0,0,0,0,0,0,0,0,0,0,0,0,0,0,0,0,0,0,0,0,0,0,0,0,0,0,0,0,0,0,0,0,0,0,0,0,0,0,0,0,0,0,0,0,0,0,0,0,0,0,0,0,0,0,0,0,0,0,0,0,0,0,0,0,0,0,0,0,0,0,0,0,0,0,0,0,0,0,0,0,0,0,0,0,0,0,0,0,0,0,0,0,0,0,0,0,0,0,0,0,0,0,0,0,0,0,0,0,0,0,0,0,0,0,0,0,0,0,0,0,0,0,0,0,0,0,0,0,0,0,0,0,0,0,0,0,0,0,0,0,0,0,0,0,0,0,0,0,0,0,0,0,0,0,0,0,0,0,0,0,0,0,0,0,0,0,0,0,0,0,0,0,0,0,0,0,0,0,0,0,0,0,0,0,0,0,0,0,0,0,0,0,0,0,0,0,0,0,0,0,0,0,0,0,0,0,0,0,0,0,0,0,0,0,0,0,0,0,0,0,0,0,0,0,0,0,0,0,0,0,0,0,0,0,0,0,0,0,0,0,0,0,0,0,0,0,0,0,0,0,0,0,0,0,0,0,0,0,0,0,0,0,0,0,0,0,0,0,0,0,0,0,0,0,0,0,0,0,0,0,0,0,0,0,0,0,0,0,0,0,0,0,0,0,0,0,0,0,0,0,0,0,0,0,0,0,0,0,0,0,0,0,0,0,0,0,0,0,0,0,0,0,0,0,0,0,0,0,0,0,0,0,0,0,0,0,0,0,0,0,0,0,0,0,0,0,0,0,0,0,0,0,0,0,0,0,0,0,0,0,0,0,0,0,0,0,0,0,0,0,0,0,0,0,0,0,0,0,0,0,0,0,0,0,0,0,0,0,0,0,0,0,0,0,0,0,0,0,0,0,0,0,0,0,0,0,0,0,0,0,0,0,0,0,0,0,0,0,0,0,0,0,0,0,0,0,0,0,0,0,0,0,0,0,0,0,0,0,0,0,0,0,0,0,0,0,0,0,0,0,0,0,0,0,0,0,0,0,0,0,0,0,0,0,0,0,0,0,0,0,0,0,0,0,0,0,0,0,0,0,0,0,0,0,0,0,0,0,0,0,0,0,0,0,0,0,0,0,0,0,0,0,0,0,0,0,0,0,0,0,0,0,0,0,0,0,0,0,0,0,0,0,0,0,0,0,0,0,0,0,0,0,0,0,0,0,0,0,0,0,0,0,0,0,0,0,0,0,0,0,0,0,0,0,0,0,0,0,0,0,0,0,0,0,0,0,0,0,0,0,0,0,0,0,0,0,0,0,0,0,0,0,0,0,0,0,0,0,0,0,0,0,0,0,0,0,0,0,0,0,0,0,0,0,0,0,0,0,0,0,0,0,0,0,0,0,0,0,0,0,0,0,0,0,0,0,0,0,0,0,0,0,0,0,0,0,0,0,0,0,0,0,0,0,0,0,0,0,0,0,0,0,0,0,0,0,0,0,0,0,0,0,0,0,0,0,0,0,0,0,0,0,0,0,0,0,0,0,0,0,0,0,0,0,0,0,0,0,0,0,0,0,0,0,0,0,0,0,0,0,0,0,0,0,0,0,0,0,0,0,0,0,0,0,0,0,0,0,0,0,0,0,0,0,0,0,0,0,0,0,0,0,0,0,0,0,0,0,0,0,0,0,0,0,0,0,0,0,0,0,0,0,0,0,0,0,0,0,0,0,0,0,0,0,0,0,0,0,0,0,0,0,0,0,0,0,0,0,0,0,0,0,0,0,0,0,0,0,0,0,0,0,0,0,0,0,0,0,0,0,0,0,0,0,0,0,0,0,0,0,0,0,0,0,0,0,0,0,0,0,0,0,0,0,0,0,0,0,0,0,0,0,0,0,1,
